category,disease,url
血液腫瘤科,便祕、腹瀉、血便是大腸癌？３症狀速就醫，早期存活率達９成！,https://gooddoctorweb.com/post/1292
血液腫瘤科,咳嗽超過２週小心肺癌！８種人沒抽菸也要注意６症狀。,https://gooddoctorweb.com/post/1257
血液腫瘤科,癌症飲食不能吃糖？專家指１例外，５妙招促進食慾助抗癌！,https://gooddoctorweb.com/post/1251
血液腫瘤科,喉嚨痛久當心食道癌！醫指２關鍵跡象，愛喝熱咖啡要小心。,https://gooddoctorweb.com/post/1245
血液腫瘤科,十大癌症最新統計！最新癌症人數增加逾五千人！務必定期做四篩檢,https://gooddoctorweb.com/post/1219
血液腫瘤科,胸部摸到硬塊是乳癌嗎？醫指常見症狀：盡早檢查但不必恐慌。,https://gooddoctorweb.com/post/1185
血液腫瘤科,女常腹脹、腹痛婦產科也要看！醫：慎防卵巢癌，６族群更要注意。,https://gooddoctorweb.com/post/1168
血液腫瘤科,沒抽菸也會得肺癌！醫指３大風險，油煙、精油等都要注意！,https://gooddoctorweb.com/post/1116
血液腫瘤科,手指不明黑點小心皮膚癌！醫指５徵兆惡性高盡早檢查。,https://gooddoctorweb.com/post/981
血液腫瘤科,胰臟癌難發現、進展快、高死亡！醫指癌王６特性：風險族群定期檢查！,https://gooddoctorweb.com/post/973
血液腫瘤科,沒抽菸也會得肺癌！遠離二手菸害，認識肺癌7警訊！顧肺4招不可少,https://gooddoctorweb.com/post/864
血液腫瘤科,29歲燒聲竟喉癌癌前病變　醫：燒聲、喉嚨痛兩週未好速就醫,https://gooddoctorweb.com/post/818
血液腫瘤科,3症狀當心胃癌前病變！吳文傑醫師：7危險因子要注意,https://gooddoctorweb.com/post/802
血液腫瘤科,前主播揪出０期肺腺癌！沒抽菸也會得，留意５不明顯症狀。,https://gooddoctorweb.com/post/696
血液腫瘤科,喉嚨痛是感染？胃病？癌症？醫：同處２周沒好盡早檢查！,https://gooddoctorweb.com/post/679
血液腫瘤科,婦自認健康卻驚見乳癌　乳房檢查6大風險族群更要做！,https://gooddoctorweb.com/post/678
血液腫瘤科,肚子痛竟是肝癌警訊？晚期肝癌難發現！醫師：高風險族群務必定期追蹤,https://gooddoctorweb.com/post/652
血液腫瘤科,口腔癌５成確診已晚期？醫：傷口２週不癒等症狀盡早就醫！,https://gooddoctorweb.com/post/627
血液腫瘤科,年輕乳癌增加！朱俐靜39歲確診　醫籲：30歲起定期篩檢可降4成死亡率,https://gooddoctorweb.com/post/589
血液腫瘤科,怕染疫不做篩檢？大腸癌無症狀　當心早期拖成晚期！,https://gooddoctorweb.com/post/585
血液腫瘤科,血尿不會痛要不要緊？醫：8成膀胱癌會出現，相關症狀速就醫！,https://gooddoctorweb.com/post/578
血液腫瘤科,腸癌居首、肺癌激增　十大癌症最新統計，專家：４篩檢做好做滿,https://gooddoctorweb.com/post/573
血液腫瘤科,胃癌日奪6.5條人命　吃不下消化不良是前兆！醫籲風險族群及早照胃鏡,https://gooddoctorweb.com/post/570
血液腫瘤科,大腸直腸癌地圖公佈：雲嘉南發生率和第四期最多！醫師點名5種錯誤飲食習慣,https://gooddoctorweb.com/post/563
血液腫瘤科,肝癌統計顯示南臺灣最多？醫勸：出現６症狀速就醫,https://gooddoctorweb.com/post/560
血液腫瘤科,罹癌是因為運氣不好？醫指３大原因，了解自己更有助防癌。,https://gooddoctorweb.com/post/553
血液腫瘤科,肺癌只能單用標靶或免疫？組合治療分進合擊　老翁7公分腫瘤消失,https://gooddoctorweb.com/post/545
血液腫瘤科,壓力大害乳癌淋巴轉移！原本最多剩2年合併療法幫她續命,https://gooddoctorweb.com/post/519
血液腫瘤科,血癌有得治？認識急性骨髓性白血病4警訊：疲倦、發燒、出血、骨頭疼痛,https://gooddoctorweb.com/post/517
血液腫瘤科,HER2陽性乳癌易轉移、復發？醫籲預防性治療、術後輔助治療很重要,https://gooddoctorweb.com/post/512
血液腫瘤科,三陰性乳癌治療契機！正確面對三陰性乳癌,https://gooddoctorweb.com/post/511
血液腫瘤科,三陰性乳癌術後三年易復發？現今治療趨勢,https://gooddoctorweb.com/post/510
血液腫瘤科,三陰性乳癌有什麼特性？乳房篩檢怎麼選擇？,https://gooddoctorweb.com/post/509
血液腫瘤科,確診乳癌一定要切乳房嗎？該選擇哪一種重建手術才好？,https://gooddoctorweb.com/post/499
血液腫瘤科,年輕人得大腸癌比較危險？醫師籲及早檢查避免發現就晚期,https://gooddoctorweb.com/post/491
血液腫瘤科,三陰性乳癌晚期先化療再手術？鄭翠芬醫師：增加手術機會及乳房保留機會,https://gooddoctorweb.com/post/487
血液腫瘤科,三陰性乳癌早期確診治療存活率高？要注意哪些家族史？鄭翠芬醫師：定期檢查最重要,https://gooddoctorweb.com/post/486
血液腫瘤科,三陰性乳癌與其他乳癌有何不同？鄭翠芬醫師：治療選擇少風險高,https://gooddoctorweb.com/post/485
血液腫瘤科,大腸癌一定要化療？先認識「免疫評分」,https://gooddoctorweb.com/post/478
血液腫瘤科,年輕型乳癌難察覺死亡率高？醫師籲遠離風險因子多運動,https://gooddoctorweb.com/post/477
血液腫瘤科,防女性十大癌症之首：乳癌　醫：有年輕化趨勢，３種人更要定期檢查,https://gooddoctorweb.com/post/475
血液腫瘤科,三陰性乳癌有哪些治療選擇？晚期治療失敗後還有哪些希望？,https://gooddoctorweb.com/post/463
血液腫瘤科,三陰性乳癌與遺傳有關？轉移和復發風險比較高？,https://gooddoctorweb.com/post/462
血液腫瘤科,三陰性乳癌是什麼？好發年齡以及治療預後如何？,https://gooddoctorweb.com/post/461
血液腫瘤科,皮膚長痣是皮膚癌嗎？醫教簡單３招自我檢測！,https://gooddoctorweb.com/post/444
血液腫瘤科,黑豹查德威克43歲大腸癌逝世！大腸癌年輕族群少警覺？醫籲：勿拖到有症狀才檢查,https://gooddoctorweb.com/post/422
血液腫瘤科,腸癌免化療？！ 不靠偏方，靠免疫評分！,https://gooddoctorweb.com/post/414
血液腫瘤科,沒抽菸也要小心肺癌　醫：５０％患者無抽菸習慣，久咳等症狀速就醫,https://gooddoctorweb.com/post/409
血液腫瘤科,久咳不癒竟可能是肺癌徵兆？醫：超過２～３週等情況應盡早檢查,https://gooddoctorweb.com/post/392
血液腫瘤科,乳癌最怕驗出三陰性？化療易復發難活兩年？劉良智醫師：化療加免疫是新希望,https://gooddoctorweb.com/post/370
血液腫瘤科,發現三陰性乳癌可用免疫治療？劉良智醫師：先驗PD-L1陽性效果佳,https://gooddoctorweb.com/post/369
血液腫瘤科,三陰性乳癌晚期轉移治療難？劉良智醫師：用對免疫治療助延長存活,https://gooddoctorweb.com/post/368
血液腫瘤科,確診三陰性乳癌更要積極治療？劉良智醫師：化療加免疫是目前最好,https://gooddoctorweb.com/post/367
血液腫瘤科,長息肉會罹癌嗎？專家：置之不理可能癌變，高風險族群要注意,https://gooddoctorweb.com/post/366
血液腫瘤科,十大癌症之首大腸癌可預防，國健署：50歲起定期篩檢降死亡風險,https://gooddoctorweb.com/post/360
血液腫瘤科,不明原因發燒咳嗽注意！濾泡性淋巴癌變化大，快速復發存活恐剩五成,https://gooddoctorweb.com/post/312
血液腫瘤科,口腔癌年奪3000命9成為青壯男，嘴破超過2周、口腔腫脹麻木莫輕忽，早期檢查是存活關鍵,https://gooddoctorweb.com/post/284
血液腫瘤科,三陰性乳癌曙光：免疫治療新武器，所有三陰性病友皆適用？最好先驗哪些抗體？,https://gooddoctorweb.com/post/280
血液腫瘤科,三陰性乳癌治療選項，哪一種最適合我？陳訓徹醫師：找到適合藥物治療愈早愈好,https://gooddoctorweb.com/post/279
血液腫瘤科,三陰性乳癌分4種？分子型態大不同？陳訓徹醫師：先測基因找對治療武器,https://gooddoctorweb.com/post/278
血液腫瘤科,大腸癌有辦法在初期就發現？醫：有跡可循，出現這些症狀多加留意,https://gooddoctorweb.com/post/257
血液腫瘤科,卵巢癌關鍵：排卵過勞加月經倒流，醫籲多生育吃對避孕藥可降80%風險,https://gooddoctorweb.com/post/222
血液腫瘤科,發生率第一的女性癌症：乳癌，血腫科醫師李楊成教自我檢查早期發現。,https://gooddoctorweb.com/post/207
血液腫瘤科,寶媽沒抽菸也罹肺癌，哪些人最好提早篩檢？早中晚期症狀治療大不同,https://gooddoctorweb.com/post/171
血液腫瘤科,隱藏癌王小細胞肺癌難活一年　化療合併免疫治療突破瓶頸,https://gooddoctorweb.com/post/169
血液腫瘤科,防範子宮頸癌３部曲：預防、篩檢、接種ＨＰＶ疫苗缺一不可，醫：國一～國三者應盡早施打。,https://gooddoctorweb.com/post/165
血液腫瘤科,卵巢癌初期無臨床症狀，醫：往往發現時已晚期，「維持療法」有利延長整體存活期。,https://gooddoctorweb.com/post/163
血液腫瘤科,子宮頸癌地雷另一半也在其中？醫：非不可逆，早期發現存活率可達９成。,https://gooddoctorweb.com/post/162
血液腫瘤科,腸癌復發非不可逆！維持生存率７招防復發，第一點一定要做到！,https://gooddoctorweb.com/post/85
血液腫瘤科,洗腎久易變泌尿道上皮癌？醫師盤點風險因素：飲水、草藥、重金屬,https://gooddoctorweb.com/post/77
血液腫瘤科,肺癌晚期可用組合療法？免疫+化療+標靶「雞尾酒策略」醫：效果更明顯,https://gooddoctorweb.com/post/63
心臟科,春夏中風、心肌梗塞４地雷！醫：風險族群影響大要小心。,https://gooddoctorweb.com/post/1290
心臟科,春夏也會中風、心肌梗塞！留意相關症狀，年輕人也要小心。,https://gooddoctorweb.com/post/1284
心臟科,常常頭暈、無力留意低血壓！醫：６族群應每日測量血壓防休克。,https://gooddoctorweb.com/post/1250
心臟科,常常頭暈是低血糖？８族群注意４重點，嚴重恐致命！,https://gooddoctorweb.com/post/1248
心臟科,不明胸悶、胸痛等４症狀，即刻撥打119，慎防心肌梗塞！,https://gooddoctorweb.com/post/1243
心臟科,簡單４招消滅壞的膽固醇！助防中風、心肌梗塞、失智症、腎衰竭！,https://gooddoctorweb.com/post/1167
心臟科,天冷吃鍋、進補注意心肌梗塞！醫：４情境留意溫差變化。,https://gooddoctorweb.com/post/1145
心臟科,心悸該怎麼辦？該如何預防？醫：多數無礙，留意症狀慎防心肌梗塞,https://gooddoctorweb.com/post/1078
心臟科,胸痛不可大意！醫：３分鐘觀察，不確定安全即刻就醫！,https://gooddoctorweb.com/post/1043
心臟科,夏天也會心肌梗塞，致死率更高！醫：不明胸痛、牙痛、喉嚨麻等速就醫。,https://gooddoctorweb.com/post/951
心臟科,心房顫動極易腦中風！醫：三高族等注意脈搏早檢查。,https://gooddoctorweb.com/post/948
心臟科,超商女店員半夜背痛　急診竟是狹心症！醫：4情況速就醫防心肌梗塞,https://gooddoctorweb.com/post/788
心臟科,不胖不老也會得高膽固醇！家族史、缺乏運動才是元兇？醫師點名「風險族群」應降更低,https://gooddoctorweb.com/post/714
心臟科,26分鐘有1人死於心臟病　6大壞習慣最傷心血管健康,https://gooddoctorweb.com/post/699
心臟科,血管狹窄前無症狀！你是高膽固醇危險族群嗎？醫師曝膽固醇真相,https://gooddoctorweb.com/post/686
心臟科,中風不可拖！每分鐘腦細胞多死190萬個　注意「微笑舉手說你好」三大徵兆,https://gooddoctorweb.com/post/489
心臟科,主動脈剝離跟家族史有關？長庚研究：最高增6.82倍風險,https://gooddoctorweb.com/post/480
耳鼻喉科,吞嚥困難可能是食道癌？太燙食物、香腸臘肉少吃,https://gooddoctorweb.com/post/773
耳鼻喉科,喉嚨卡卡檢查出腫瘤？哪些疾病是元兇？醫師指兩大常見原因,https://gooddoctorweb.com/post/715
肝膽腸胃科,留意３大常見胃部疾病，胃發炎延遲就醫恐癌變！,https://gooddoctorweb.com/post/1101
肝膽腸胃科,胃病10大NG習慣你中幾個？盡早改善防致病、致癌！,https://gooddoctorweb.com/post/1100
肝膽腸胃科,脹氣怎麼辦？醫教４招助改善！３情況盡早就醫，慎防腸癌等疾病。,https://gooddoctorweb.com/post/1084
肝膽腸胃科,形容不出的腹痛小心腸中風！死亡率達９成，２症狀過４小時速就醫,https://gooddoctorweb.com/post/898
肝膽腸胃科,疫情嚴峻非緊急切勿前往急診！腸胃科專家提醒10點保護自己,https://gooddoctorweb.com/post/854
肝膽腸胃科,久坐又邊講邊吃！逾5成上班族胃脹氣　吳文傑醫師3招救腸胃,https://gooddoctorweb.com/post/727
肝膽腸胃科,常打嗝與心臟病有關？打嗝止不住怎麼辦？腸胃科專家教你4招解決,https://gooddoctorweb.com/post/712
肝膽腸胃科,是腸躁症還是大腸癌？醫：合併貧血、頭暈等症狀速就醫,https://gooddoctorweb.com/post/667
肝膽腸胃科,經常便秘、上完還想上？認識大腸癌徵兆與正確篩檢時間點,https://gooddoctorweb.com/post/514
肝膽腸胃科,幽門桿菌是胃痛火燒心兇手？肝膽腸胃醫：壓力大、飲食不均易造成慢性胃炎,https://gooddoctorweb.com/post/202
肝膽腸胃科,常脹氣、打嗝、放屁？擦薄荷油等方式有助改善！適時懷疑小腸菌叢過多！,https://gooddoctorweb.com/post/90
肝膽腸胃科,６招改善胃食道逆流！胃食道逆流常伴隨胃部疾病，這些ＮＧ飲食、行為別再犯！,https://gooddoctorweb.com/post/35
肝膽腸胃科,膽結石多在檢查才發現！醫指１6個風險族群多留意。,https://gooddoctorweb.com/post/794
肝膽腸胃科,膽結石分二種原因大不同！醫師：長期3部位疼痛要注意,https://gooddoctorweb.com/post/645
肝膽腸胃科,CA19-9數值高預告胰臟癌？胰臟癌難找到初期徵兆，抽菸與家族史是首要危險因子,https://gooddoctorweb.com/post/156
肝膽腸胃科,長期喝酒、飲食過油害胰臟炎？急性胰臟炎劇痛又易復發，醫師提醒防範關鍵,https://gooddoctorweb.com/post/155
肝膽腸胃科,常疲倦、憂鬱、沒理由的變瘦？防範胰臟癌，出現這些症狀早檢查。,https://gooddoctorweb.com/post/149
肝膽腸胃科,避免脂肪肝成肝癌，肥胖、酗酒、Ｃ肝、糖尿病者等要注意。減肥未必能改善，醫：先了解原因。,https://gooddoctorweb.com/post/144
泌尿科,頻尿、夜尿、一直跑廁所？醫指常見１０原因，３種情況盡早檢查！,https://gooddoctorweb.com/post/1113
泌尿科,別憋尿！小心細菌感染恐傷腎。醫：女性風險更高要注意！,https://gooddoctorweb.com/post/1111
泌尿科,腰痛是腎臟病嗎？會洗腎嗎？醫：留意症狀，４種人最容易洗腎！,https://gooddoctorweb.com/post/1088
泌尿科,「關節痛」竟是高風險轉移性攝護腺癌！組合療法救命，找回行動力,https://gooddoctorweb.com/post/920
泌尿科,高壓工作造成睪固酮低下？醫：3大族群當心攝護腺疾病,https://gooddoctorweb.com/post/832
泌尿科,男性如何增加持久度？多打手槍有用嗎？醫教3招鍛鍊有助延長！,https://gooddoctorweb.com/post/741
泌尿科,吃生蠔、掛重物能增勃起硬度？醫教４招真正有助強化！,https://gooddoctorweb.com/post/737
泌尿科,你有多硬？勃起硬度也分等級！醫：硬度不足恐增心肌梗塞風險！,https://gooddoctorweb.com/post/736
泌尿科,早了二十年！他47歲確診攝護腺癌　出現「排尿症狀」快就醫,https://gooddoctorweb.com/post/697
泌尿科,腎不好不能吃香蕉？醫師點名傷腎地雷：止痛藥、不明中草藥保健品少碰,https://gooddoctorweb.com/post/660
泌尿科,還沒40歲疲勞易累硬不起來？當心男性荷爾蒙不足,https://gooddoctorweb.com/post/616
泌尿科,高風險攝護腺癌的評估標準與治療方式,https://gooddoctorweb.com/post/522
泌尿科,男性隱藏殺手？攝護腺癌確診逾3成已晚期，高低風險治療大不同？,https://gooddoctorweb.com/post/504
家庭醫學科,婦剎車竟骨折，原來有骨鬆！醫：中高齡４情境都要注意。,https://gooddoctorweb.com/post/1280
家庭醫學科,高尿酸也易中風、心肌梗塞！地雷不只海鮮，醫教4招趁早改善。,https://gooddoctorweb.com/post/1241
家庭醫學科,肥胖罹癌風險僅次於抽菸！醫舉肝癌３部曲，趁早調整生活可逆轉。,https://gooddoctorweb.com/post/1240
家庭醫學科,關心三高更要注意代謝症候群！中風、心肌梗塞高出３倍，醫教６招逆轉！,https://gooddoctorweb.com/post/1226
家庭醫學科,小中風怎麼辦？醫指６要點，防中風、失智症找上門！,https://gooddoctorweb.com/post/1107
家庭醫學科,高血壓難察覺，他發現已心衰竭！醫：８種人平時應７２２量血壓。,https://gooddoctorweb.com/post/1102
家庭醫學科,高血糖不只「３多１少」！醫：防範９風險，中２個盡早定期檢查。,https://gooddoctorweb.com/post/1098
家庭醫學科,高血脂不是胖的人才會有！醫教４點觀察，防範中風、心肌梗塞。,https://gooddoctorweb.com/post/1097
家庭醫學科,網紅館長壯碩竟糖尿病前期！？醫：胖瘦壯都會得，６風險族群早檢查,https://gooddoctorweb.com/post/893
家庭醫學科,防疫在家更要注意高血脂症！醫教４動作防中風、心肌梗塞找上門！,https://gooddoctorweb.com/post/865
家庭醫學科,年輕高血壓破2成5！恐影響腦心腎　正確量血壓掌握「722原則」,https://gooddoctorweb.com/post/793
家庭醫學科,氣喘是兒童疾病？老人也要小心？破解氣喘四大迷思,https://gooddoctorweb.com/post/789
家庭醫學科,咳嗽、久咳好不了怎麼辦？醫教４招助解咳：可喝紫菜蛋花湯,https://gooddoctorweb.com/post/778
家庭醫學科,糖尿病合併肌少症為一般人3倍 專家：多補充3種營養素,https://gooddoctorweb.com/post/746
家庭醫學科,飲料喝半糖也會糖尿病？營養師分析「含糖地雷」魯肉飯、韓式炸雞上榜,https://gooddoctorweb.com/post/731
家庭醫學科,年輕型糖尿病更棘手？男飲料半糖照樣得。２地雷別踩！,https://gooddoctorweb.com/post/676
家庭醫學科,年紀輕卻下背痛、腳後跟發炎　當心僵直性脊椎炎上身？游泳竟能幫助改善？,https://gooddoctorweb.com/post/580
家庭醫學科,糖尿病洗腎肥胖問題難解？腸泌素顧糖護器官！醫籲：一發現超標盡早治療,https://gooddoctorweb.com/post/572
家庭醫學科,洗腎是生病吃太多藥？哪一種止痛藥會傷腎？醫師籲風險族群勿亂吃,https://gooddoctorweb.com/post/468
家庭醫學科,空污吸太多容易失明？三高、老年人、心血管族群當心眼中風,https://gooddoctorweb.com/post/457
家庭醫學科,塗薄荷、洗鹽水、吃膠原蛋白...止癢偏方真有效？醫師揭異位性皮膚炎正確治療之道,https://gooddoctorweb.com/post/351
家庭醫學科,皮膚狂癢是濕疹還是異位性皮膚炎？哪些食物容易引發症狀？皮膚科醫師：少用植萃產品,https://gooddoctorweb.com/post/350
家庭醫學科,如何避免異位性皮膚炎變嚴重？黃昭瑜醫師教三招自救：乳液放冰箱止癢又冰鎮,https://gooddoctorweb.com/post/348
家庭醫學科,面對思覺失調症患者，親友可以如何面對？如何提供幫助？,https://gooddoctorweb.com/post/338
家庭醫學科,思覺失調症如何穩定、安心用藥？醫指３大重點，患者、親友、醫方共同努力,https://gooddoctorweb.com/post/337
家庭醫學科,思覺失調症＝社會問題？醫：不能以偏概全，它其實如同糖尿病,https://gooddoctorweb.com/post/336
家庭醫學科,洗腎族更易感染？「居家洗腎」腹膜透析受限少，連結雲端病人更安心郭克林醫師,https://gooddoctorweb.com/post/305
家庭醫學科,變天冷熱都會影響血壓，醫：防心腦血管病變注意這６點,https://gooddoctorweb.com/post/300
家庭醫學科,防範高血壓引腦中風、腎臟病，醫教準確測量及7招改善，40開始就要做,https://gooddoctorweb.com/post/275
家庭醫學科,腦中風致殘奪命，男性肥胖嗜鹹機率高！少吃煎炸高膽固醇，運動後勿直接洗澡,https://gooddoctorweb.com/post/274
家庭醫學科,喘咳痰3周當心肺阻塞避免肺功能惡化醫：及早就醫、正確用藥是關鍵,https://gooddoctorweb.com/post/241
家庭醫學科,咳不停是新型冠狀病毒感染？咳喘痰3周當心肺阻塞更要命！,https://gooddoctorweb.com/post/218
家庭醫學科,糖尿病年輕化警訊：喝含糖飲料成癮、高血糖無症狀！營養師籲每天限糖50克,https://gooddoctorweb.com/post/206
家庭醫學科,當心流感與不明肺炎？肺阻塞病人如何自保？,https://gooddoctorweb.com/post/180
家庭醫學科,皮膚搔癢難耐？異位性皮膚炎影響超乎想像，如何治療及改善？醫師精闢剖析。,https://gooddoctorweb.com/post/168
家庭醫學科,鍾尚分醫師：糖尿病患為何多洗腎？亂吃偏方不吃藥更危險？,https://gooddoctorweb.com/post/160
家庭醫學科,慢性病藥物吃多會洗腎？洗腎４成自糖尿病，不吃藥是關鍵。３重點防洗腎！,https://gooddoctorweb.com/post/75
家庭醫學科,大降糖尿病中風、死亡風險，掌控好各項數值，醫教４招保護好心血管,https://gooddoctorweb.com/post/38
家庭醫學科,糖尿病也要注意低血糖！醫：血糖太高或太低都傷腦,https://gooddoctorweb.com/post/37
家庭醫學科,常頭暈、無力、冒冷汗？低血糖極具危險性，防低血糖３大情況盡早檢查！,https://gooddoctorweb.com/post/36
血液腫瘤科,小細胞肺癌易咳嗽　黃明賢醫師：咳兩週要檢查,https://gooddoctorweb.com/post/599
血液腫瘤科,小細胞肺癌治療瓶頸？黃明賢醫師：化療沒進步,https://gooddoctorweb.com/post/598
血液腫瘤科,免疫療法對小細胞肺癌有利？黃明賢醫師：可提升患者存活,https://gooddoctorweb.com/post/597
血液腫瘤科,小細胞肺癌跟肺腺癌症狀不同　林建中醫師：標靶藥不適用小細胞肺癌,https://gooddoctorweb.com/post/596
血液腫瘤科,小細胞肺癌只能化療嗎？林建中醫師：化療效果好但易復發 免疫治療可幫忙,https://gooddoctorweb.com/post/595
血液腫瘤科,該自費做免疫治療嗎？ 林建中醫師：經濟許可建議做免疫治療,https://gooddoctorweb.com/post/594
血液腫瘤科,小細胞肺癌症狀較嚴重　魏裕峰醫師：化療對7成患者有效,https://gooddoctorweb.com/post/593
血液腫瘤科,化學治療好恐怖？魏裕峰醫師：僅3成有副作用 別放棄治療,https://gooddoctorweb.com/post/592
血液腫瘤科,免疫治療好處？魏裕峰醫師：一開始就做反應最好,https://gooddoctorweb.com/post/591
營養科,防便祕、大腸癌、護血管！膳食纖維營養師４招簡單吃滿。,https://gooddoctorweb.com/post/1278
營養科,怎麼喝水比較健康？營養師４觀念：別一次喝光，有喝像沒喝！,https://gooddoctorweb.com/post/1267
營養科,葉黃素這３種食材都吃得到！營養師教４招更有助養眼。,https://gooddoctorweb.com/post/1255
營養科,懷孕飲食怎麼吃？簡單３觀念，媽咪營養師這樣吃！,https://gooddoctorweb.com/post/1223
營養科,牛奶、豆奶、燕麥奶有何差別？一張圖看懂，適合族群各不同！,https://gooddoctorweb.com/post/1215
營養科,紫色食物助防癌、抗老！營養師推6食材，白米換紫米更健康。,https://gooddoctorweb.com/post/1214
營養科,10大年菜這樣吃更健康！營養師：調整飲食順序助控糖。,https://gooddoctorweb.com/post/1202
營養科,退化性關節炎該怎麼辦？營養師４招：地中海飲食助改善！,https://gooddoctorweb.com/post/1151
營養科,吃素進補怎麼吃？營養師推４食材補得更到位！,https://gooddoctorweb.com/post/1143
營養科,吃太辣要如何解辣？營養師推４飲品，別吃太辣傷腸胃！,https://gooddoctorweb.com/post/1138
營養科,防骨鬆、骨折別只補鈣、喝牛奶！營養師指６關鍵有助防範。,https://gooddoctorweb.com/post/1126
營養科,進補因人而異，盲目進補恐傷身！醫：把握４觀念更養生。,https://gooddoctorweb.com/post/1125
營養科,防健忘、失智怎麼吃？營養師指７種食材助養腦！,https://gooddoctorweb.com/post/1080
營養科,芹菜素助防癌、防阿茲海默症！營養師指常見食材，不只芹菜才有。,https://gooddoctorweb.com/post/1057
營養科,兒茶素利減肥、防失智、助防癌！營養師：不只綠茶，這些都吃得到。,https://gooddoctorweb.com/post/1055
營養科,蓮霧低糖、護眼、促排毒、顧血管！營養師：糖友一天４顆也OK。,https://gooddoctorweb.com/post/1054
營養科,釋迦有助保養血管、增強免疫力！營養師教２保存吃滿營養！,https://gooddoctorweb.com/post/1053
營養科,柚子助排便、排毒、防癌、低熱量，營養師：好處多平常就可以吃！,https://gooddoctorweb.com/post/1048
營養科,糖友、三高、痛風留意烤肉醬！營養師４招避開隱藏地雷。,https://gooddoctorweb.com/post/1047
營養科,掉髮、白髮、無光澤怎麼吃？營養師指常見養髮食材，用吃的保養！,https://gooddoctorweb.com/post/1045
營養科,益生菌養生，益生質也要夠！營養師指７大類食材都攝取得到。,https://gooddoctorweb.com/post/1041
營養科,蔬果顏色、營養、好處各不同。營養師推２吃法增強免疫力！,https://gooddoctorweb.com/post/1040
營養科,「睡覺防疫法」研究發現風險降12%！５大營養有助睡眠、維持免疫力。,https://gooddoctorweb.com/post/1035
營養科,瘦子易免疫低下、感染、生病。營養師簡單３招助健康增胖！,https://gooddoctorweb.com/post/1033
營養科,洋蔥防癌、防三高、防骨鬆。營養師教２吃法更助養生！,https://gooddoctorweb.com/post/1017
營養科,防癌之王：大蒜！橫切生吃更健康。營養師提醒４種人少吃。,https://gooddoctorweb.com/post/1014
營養科,泡菜吃多易胃癌？營養師４觀念每天吃助養生！,https://gooddoctorweb.com/post/974
營養科,味增湯助防癌、養生、抗氧化！營養師：白天喝更有助健康！,https://gooddoctorweb.com/post/972
營養科,簡單４招健康吃泡麵！營養師指真正３地雷：麵其實無防腐劑。,https://gooddoctorweb.com/post/961
營養科,缺鈣易骨鬆、三高、傷全身！營養師推10種食材助補鈣。,https://gooddoctorweb.com/post/960
營養科,９成國人缺鉀關鍵！營養師：補鉀這樣吃防中風、心肌梗塞,https://gooddoctorweb.com/post/943
營養科,避免缺鋅易生病、感染、貧血，營養師推４類食材助補鋅！,https://gooddoctorweb.com/post/942
營養科,營養師推薦的８種零食！在家解饞又健康，黑巧克力還助減肥！,https://gooddoctorweb.com/post/941
營養科,常常失眠、睡不著？營養師推熱牛奶等５飲品有助改善！,https://gooddoctorweb.com/post/940
營養科,綠茶護心、顧肝、助減肥！營養師指10大好處，加３物效果再提升,https://gooddoctorweb.com/post/930
營養科,７類營養素助防疫、提升保護力！營養師：有助抗病毒、抗發炎、抗氧化,https://gooddoctorweb.com/post/912
營養科,在家做肉粽，免群聚買粽！營養師教簡單代換食材，美味又健康！,https://gooddoctorweb.com/post/894
營養科,肉粽保存別放超過２週！營養師：保存注意２要點避免吃下細菌,https://gooddoctorweb.com/post/892
營養科,粽子怎麼吃不易胖、更健康？營養師６撇步安心吃粽沒在怕！,https://gooddoctorweb.com/post/888
營養科,香菜助抗氧化、降血壓、強化肝臟　營養師：配臭豆腐等食物更營養！,https://gooddoctorweb.com/post/834
營養科,蜂蜜、黑糖、砂糖誰健康？蜂蜜可取代砂糖？營養師揭露顛覆想像！,https://gooddoctorweb.com/post/799
營養科,蜂蜜搭對食物有助健康！有哪些好處？哪些不宜？一次詳解,https://gooddoctorweb.com/post/796
營養科,老是腰酸背痛、關節痠痛？醫推４大類食物強筋健骨！,https://gooddoctorweb.com/post/755
營養科,痔瘡能吃什麼？不能吃什麼？醫推６類食物防痔瘡！,https://gooddoctorweb.com/post/751
營養科,吃水果飯前、飯後哪個健康？水果時程表一張圖秒懂！,https://gooddoctorweb.com/post/729
營養科,清明節吃潤餅留意３地雷　４招變得更營養，還有助減肥！,https://gooddoctorweb.com/post/708
營養科,缺鐵易疲倦、掉髮、生病　紫菜蛋花湯等５湯品有助補鐵！,https://gooddoctorweb.com/post/692
營養科,鮭魚護眼、護心又護腦　營養師：掌握一周份量更健康,https://gooddoctorweb.com/post/685
營養科,鳳梨促排毒、護血管！營養師：３招不咬舌，輕鬆做料理！,https://gooddoctorweb.com/post/662
營養科,提神吃什麼？營養師點名5食物：調節神經促進大腦血流,https://gooddoctorweb.com/post/647
營養科,健康年菜攻略！李婉萍：選對方式簡單、美味又營養！,https://gooddoctorweb.com/post/638
營養科,天冷喝熱飲要選對！營養師教你喝出好循環抗寒保暖,https://gooddoctorweb.com/post/620
營養科,飲食全吃水煮較健康？專家：小心荷爾蒙大亂！４招吃夠營養,https://gooddoctorweb.com/post/612
營養科,天冷吃火鍋血壓、血脂飆？專家點名火鍋地雷：湯底、醬料、油脂含量高！,https://gooddoctorweb.com/post/604
營養科,湯圓怎麼吃才健康？營養師：吃4顆少吃半碗飯、豆漿無糖茶做湯底,https://gooddoctorweb.com/post/564
營養科,維生素C助增強抵抗力　前10名排行第一名是芭樂！,https://gooddoctorweb.com/post/507
營養科,享受烤肉避免致癌物上身　顏宗海：留意６原則烤肉也能很健康,https://gooddoctorweb.com/post/458
營養科,吃魚真能變聰明？防失智？專家指５大好處：還能降心血管疾病風險,https://gooddoctorweb.com/post/450
營養科,月餅熱量直逼一份便當？營養師２招化解熱量危機,https://gooddoctorweb.com/post/440
營養科,中秋烤肉兼顧健康不長胖　營養師推「韓式吃法」等３招避開肥胖地雷,https://gooddoctorweb.com/post/439
營養科,中秋吃柚小心熱量陷阱　營養師：有吃藥的人也要注意時間,https://gooddoctorweb.com/post/438
營養科,等紅綠燈就想睡？6年根高麗蔘加紐西蘭鹿茸助快速充電！ 中醫師籲體質、時段要補對,https://gooddoctorweb.com/post/425
營養科,地中海飲食能防癌？怎麼吃？營養師指出各種好處，吃出健康新高度！,https://gooddoctorweb.com/post/406
營養科,酪梨高油脂卻能降膽固醇？營養師：還有利保護心血管、降血糖、防癌,https://gooddoctorweb.com/post/405
營養科,得舒飲食助減肥、降血壓？好處不只這樣，營養師教你這樣吃顧健康！,https://gooddoctorweb.com/post/383
營養科,缺乏維生素Ａ易眼乾疲憊　６大情況要注意，營養來源報你知,https://gooddoctorweb.com/post/380
營養科,炒過更能吃到營養，番茄等食物炒過後營養吸收率再提升,https://gooddoctorweb.com/post/379
營養科,膽固醇不是越低越好，營養師：有好壞之分，４招提升好的改善壞的,https://gooddoctorweb.com/post/375
營養科,一天只能吃一顆蛋？超過膽固醇會上升？營養師指出真正主因,https://gooddoctorweb.com/post/374
營養科,眼睛保養別只靠葉黃素　營養師：５大護眼營養素這些食物都吃得到,https://gooddoctorweb.com/post/364
營養科,吃菠菜真能強壯骨骼？營養師：還有利防癌、養眼、保護心血管,https://gooddoctorweb.com/post/361
營養科,吃素、吃肉怎麼吃有利防癌？專家：「懂吃」才是健康關鍵,https://gooddoctorweb.com/post/359
營養科,吃肉油切自己來，營養師６招降低肉類油脂，減輕身體負擔,https://gooddoctorweb.com/post/357
營養科,吃對蔬菜部位更有利排毒？醫解常見４大族群養生飲食法,https://gooddoctorweb.com/post/344
營養科,這些食物一起吃，營養更加分　醫：「協同作用」更能發揮營養價值,https://gooddoctorweb.com/post/331
營養科,植物油一定健康？醫指３大地雷，避免營養失衡要留意,https://gooddoctorweb.com/post/330
營養科,吃什麼可以提升免疫力？醫教這樣吃，「維持免疫力」才是重點,https://gooddoctorweb.com/post/328
營養科,薑、薑黃利抗氧化、抗發炎、防病毒，專家：部分營養為脂溶性，吃對方法更加分,https://gooddoctorweb.com/post/291
營養科,生機飲食未必人人可吃，營養師：小心禍從口入，癌友更要留意,https://gooddoctorweb.com/post/287
營養科,三高如何維持免疫力？專家：三高易同時有兩種，「３少１多」很重要,https://gooddoctorweb.com/post/271
營養科,吃肉也能兼顧護心？簡單觀念避開「傷心地雷」保護心血管,https://gooddoctorweb.com/post/264
營養科,韭菜是天然的壯陽藥？營養師：不僅如此，還有助防血管阻塞等好處。,https://gooddoctorweb.com/post/261
營養科,奇異果護眼護心護血管，６好處報你知，但這些情況不宜多食,https://gooddoctorweb.com/post/256
營養科,南瓜通腸潤便護腸道　營養師：不只瓜肉營養，加上２物更養生,https://gooddoctorweb.com/post/238
營養科,空心菜有利降血糖、血壓　營養師：且利血管暢通防心血管疾病！,https://gooddoctorweb.com/post/232
營養科,慢性病、年長者肺炎住院死亡率更高，營養師籲2招提升保護力：打疫苗、規律用藥,https://gooddoctorweb.com/post/231
營養科,辛香料有利維持免疫力？簡鈺樺營養師：好處不只這樣,https://gooddoctorweb.com/post/229
營養科,防疫買不到口罩？那就用吃的！營養師：顧好健康３力很重要,https://gooddoctorweb.com/post/225
營養科,大蒜水真能防武漢肺炎？倪曼婷營養師：這樣吃維持免疫力卡實在,https://gooddoctorweb.com/post/203
營養科,喝咖啡有助對抗自由基？營養師教這樣咖啡更健康,https://gooddoctorweb.com/post/181
營養科,過年大餐如何防範變胖危機？無糖綠茶、飯後水果真的有用？營養師教這樣吃防年節發胖。,https://gooddoctorweb.com/post/177
營養科,年菜怎麼準備更健康？依類別更有利控制血糖，營養師教３招健康過好年。,https://gooddoctorweb.com/post/175
營養科,吃芭樂對血糖有益？維生素C高出橘子4倍，控血糖如何吃水果才安全？,https://gooddoctorweb.com/post/161
營養科,天天吃花椰菜助攻防癌？營養師談吃菜3原則，看「顏色」吃身體更健康,https://gooddoctorweb.com/post/158
營養科,防骨鬆不能只補鈣？營養師喻「房屋要穩固不是只靠磚塊」鎂和維生素D也是重要功臣？,https://gooddoctorweb.com/post/157
營養科,喝咖啡幫助穩血糖？調節血糖食物有哪些？營養師點名芭樂苦瓜秋葵，飲食順序也是關鍵,https://gooddoctorweb.com/post/152
營養科,守護腸、腦健康多吃原型食物。醫：腸道若不好，腦神經容易發炎。,https://gooddoctorweb.com/post/148
營養科,平民養生食材：海帶。營養師：含有褐藻醣膠，有利抑制癌症、抗發炎、降血脂,https://gooddoctorweb.com/post/134
營養科,吃沙拉也能防癌，把防癌神器「海藻」做成沙拉，簡單、美味、防癌、通便又營養,https://gooddoctorweb.com/post/133
營養科,一天一紅酒有利保養心血管？營養師：反而更容易傷身，紅酒的「白藜蘆醇」這些食物也吃得到。,https://gooddoctorweb.com/post/130
營養科,高麗菜防癌保肝但你吃對嗎？如何清洗可避免農藥殘留？,https://gooddoctorweb.com/post/109
營養科,喝咖啡有利防範肺癌？營養師：也可以吃南瓜等食材，關鍵在怎麼吃！,https://gooddoctorweb.com/post/103
營養科,咖啡也會影響血壓？營養師：不是人人都能喝，３種人不宜！,https://gooddoctorweb.com/post/102
營養科,防癌第一步：強健體魄！調整三餐增強免疫力，時間．份量．吃法一次報你知！,https://gooddoctorweb.com/post/98
營養科,預防癌症，排毒很重要！平常多吃這些排毒食物，３招學起來輕鬆排毒！,https://gooddoctorweb.com/post/95
營養科,依時段喝水更有利健康！排毒又防癌，全天喝水攻略大公開！,https://gooddoctorweb.com/post/93
營養科,吃水果不飆血糖！芭樂等水果升糖係數低，懂吃水果血糖才不會亂飆！,https://gooddoctorweb.com/post/91
營養科,天然防癌食物：蕎麥！蕎麥含豐富營養素，加上蜂蜜更有利通便、排毒！,https://gooddoctorweb.com/post/89
營養科,吃蛋護眼？醫師：雞蛋含天然葉黃素，吸收率是蔬菜3~4倍,https://gooddoctorweb.com/post/82
營養科,九層塔好處多？營養師：抗發炎、壯骨骼、顧眼睛，但保存挑選更重要,https://gooddoctorweb.com/post/81
營養科,吃蘋果不用削皮？營養師：含380種植化素，如何洗法才安全,https://gooddoctorweb.com/post/80
營養科,大白菜富含防癌營養，能加速致癌物排出體外！這樣挑選、保存更能守住營養！,https://gooddoctorweb.com/post/78
營養科,蔡松彥醫師：十字花科有利防癌　煮沸5分鐘減少9成農藥殘留,https://gooddoctorweb.com/post/73
營養科,粗糧之王燕麥吃對降罹癌風險41％，營養師：加綠豆吃促排毒減肥,https://gooddoctorweb.com/post/72
營養科,早餐店也能吃得健康！滿足３條件營養不復餓，咖啡配三明治也能很營養！,https://gooddoctorweb.com/post/71
營養科,玉米含獨特抗癌因子，能與致癌物結合並排出！加這物更促血循環、降膽固醇！,https://gooddoctorweb.com/post/67
營養科,紅豆有利排毒、防癌！含脂量低營養卻超豐富，加上這物防癌效果更加分！,https://gooddoctorweb.com/post/65
營養科,冬日進補之際在立冬！立冬進補暖身贏在起跑點，這３種人更要補！,https://gooddoctorweb.com/post/64
營養科,大蒜生吃有助抗癌！高溫易破壞營養，切塊放10分鐘營養更上一層！,https://gooddoctorweb.com/post/62
營養科,飲食百搭術防血糖亂飆！澱粉食物別單吃，營養師教這樣吃控制好血糖！,https://gooddoctorweb.com/post/61
營養科,喝咖啡好處多！營養師：這樣喝、喝對時間更有益身體健康！,https://gooddoctorweb.com/post/58
營養科,平定血糖．防胖．防糖尿病，良好飲食習慣非常重要！３個飲食觀念你一定要知道！,https://gooddoctorweb.com/post/52
營養科,吃芭樂也能養肝？這些食物都有利保養肝臟，營養師指護肝關鍵！,https://gooddoctorweb.com/post/51
營養科,認識穀胱甘肽：助抗氧化、排毒、解毒、哪些食物吃得到？,https://gooddoctorweb.com/post/44
營養科,享受美食別讓鈉超標！避開高血壓等心血管地雷，這樣吃健康、美味同時兼顧,https://gooddoctorweb.com/post/42
營養科,蝦紅素葉黃素哪些食物吃得到？營養師解答：魚蝦菠菜雞蛋最易取得,https://gooddoctorweb.com/post/39
營養科,常畏寒、無力、沒精神？腎虛分兩種表現各不同，中醫教你這樣補好補滿！,https://gooddoctorweb.com/post/34
營養科,雞肉、雞湯、雞精誰最營養？３雞營養大比拚，營養師：雞精不是誰都能喝！,https://gooddoctorweb.com/post/32
營養科,你補鈣補對了嗎？鈣種類不同效果也不同，補鈣也要知道如何留住鈣！,https://gooddoctorweb.com/post/26
營養科,罹癌食慾不振怎麼辦？維持好體重才有體力抗癌，營養師２招增進食慾！,https://gooddoctorweb.com/post/22
營養科,外食族吃便當也能很健康？有肉、有菜、有澱粉，醫教這樣吃照樣防３高！,https://gooddoctorweb.com/post/21
營養科,吃奇異果有利改善高血壓？營養師：好處非常多！各種水果這樣吃更健康！,https://gooddoctorweb.com/post/18
營養科,黑木耳助養骨、防血栓！且體積大、熱量低，助減肥，這樣炒更有利營養吸收！,https://gooddoctorweb.com/post/16
營養科,小白菜有利強壯骨骼！不僅鈣值豐富，還富含維生素K！這樣挑選、保存營養不流失！,https://gooddoctorweb.com/post/14
營養科,養身體同時養好皮膚！中醫：身體好，皮膚自然好！經後、產後、更年期更要補！,https://gooddoctorweb.com/post/13
營養科,高麗菜不只潤腸通便，蘿蔔硫素還利抑制大腸癌基因！這樣保存就能存放到兩週！,https://gooddoctorweb.com/post/12
營養科,紅番薯不只促身體排毒，還有利防老、增強免疫力！這樣吃顧腸道更加分！,https://gooddoctorweb.com/post/10
營養科,貧血要怎麼補鐵？專家：不是每種貧血都補鐵，缺鐵性貧血這樣補更有利！,https://gooddoctorweb.com/post/9
營養科,地瓜葉護血管、降血糖！富含類黃酮素抗氧化力強，這樣選．這樣保存鎖住營養！,https://gooddoctorweb.com/post/7
營養科,身體缺鎂會影響血壓？專家：血壓、血管等都會受影響，這４種顏色蔬果找得到！,https://gooddoctorweb.com/post/5
營養科,胡蘿蔔護眼、顧腸、防衰老！配南瓜、香菇營養更驚人！這樣吃營養吸收率更強！,https://gooddoctorweb.com/post/3
復健科,簡單６運動防退化性關節炎！醫提醒：不動膝蓋退化更快！,https://gooddoctorweb.com/post/1180
復健科,簡單10秒棒式助降腰酸背痛！醫：還可防扭傷、促血循、好處多！,https://gooddoctorweb.com/post/1171
復健科,快走、競走也助防三高、癌症！醫教簡單走，省時、省力、促健康！,https://gooddoctorweb.com/post/1165
復健科,簡單２招預防退化性關節炎　醫：動太多、動太少都是好發族群！,https://gooddoctorweb.com/post/716
復健科,慎防「髖關節骨折」突襲！醫：前３年致死率達50%,https://gooddoctorweb.com/post/713
復健科,蹲跪盤腿坐易退化性關節炎！預防關節退化該怎麼做？,https://gooddoctorweb.com/post/684
復健科,一變天關節就開始痛？２招防膝蓋變氣象台，保養肌肉是關鍵,https://gooddoctorweb.com/post/292
復健科,保養膝蓋樓梯爬不爬？許嘉麟醫師：養好膝蓋「動」、「吃」都是關鍵。,https://gooddoctorweb.com/post/212
復健科,阿基里斯腱發炎按摩卻沒用？醫教４招改善：按摩點在別處。,https://gooddoctorweb.com/post/1244
復健科,穿高跟鞋腳痛怎麼辦？專家６改善、４保養、２挑選，保護足健康！,https://gooddoctorweb.com/post/1211
復健科,上班常頭痛、肩頸痠痛？醫指常見關鍵，簡單３伸展有助改善！,https://gooddoctorweb.com/post/1205
復健科,久坐屁股痛是哪裡出問題？物理治療師指３大可能，４招助改善！,https://gooddoctorweb.com/post/1195
復健科,常肩頸痠痛、腰酸背痛？專家指「最常見關鍵」，２招助改善！,https://gooddoctorweb.com/post/1191
復健科,落枕怎麼辦？如何解除？簡文仁推「含羞草伸展」等５招助改善！,https://gooddoctorweb.com/post/1146
復健科,手指卡住又好痛？小心板機指！醫指６族群留意，復健科超常見！,https://gooddoctorweb.com/post/1127
復健科,肩膀疼痛常見３原因！簡單自我檢測，長期疼痛盡早就醫。,https://gooddoctorweb.com/post/1115
復健科,睡覺躺平會背痛，側躺就沒事？醫指常見２原因，４招有助改善！,https://gooddoctorweb.com/post/1079
復健科,低頭族不只傷頸椎！醫：４情況速就醫，簡單１招助防範！,https://gooddoctorweb.com/post/986
復健科,防疫在家動一動，防椎間盤突出！醫教簡單３伸展有助防範,https://gooddoctorweb.com/post/836
復健科,上班族腰痠背痛常見６大原因！醫教「直線坐姿」維持平衡最省力,https://gooddoctorweb.com/post/826
復健科,沒做什麼卻老是關節痛？醫教３伸展防疼痛惡性循環,https://gooddoctorweb.com/post/798
復健科,扭傷要冰敷還是熱敷？醫：4成易再度扭傷，兩週沒好速就醫！,https://gooddoctorweb.com/post/779
復健科,拇指、手腕痛爆是媽媽手？簡單１招測試，伸展有助改善！,https://gooddoctorweb.com/post/777
復健科,手麻最常見３大問題！小心骨刺壓迫神經，超過一周速就醫！,https://gooddoctorweb.com/post/775
復健科,肩膀疼痛是五十肩？醫教簡單測試，２招伸展助改善！,https://gooddoctorweb.com/post/774
復健科,６招改善足底筋膜炎！醫：室內拖鞋支撐力也要夠。,https://gooddoctorweb.com/post/742
復健科,閃到腰未必是扭傷！醫：３情況速就醫，５姿勢搬物避免受傷。,https://gooddoctorweb.com/post/717
復健科,全身痠痛可以推拿、整骨嗎？骨科醫師：4種情況不建議！嚴重恐脊椎骨斷裂,https://gooddoctorweb.com/post/698
復健科,上班久坐易引腰酸背痛　醫教單跪姿伸展助改善,https://gooddoctorweb.com/post/525
復健科,肩頸痠痛好不了？醫教彈力帶伸展輕鬆鍛鍊背部肌肉！,https://gooddoctorweb.com/post/524
復健科,半夜睡覺容易腳抽筋？醫：吃香蕉、睡前伸展、穿襪子等有助改善,https://gooddoctorweb.com/post/506
復健科,落枕要冰敷還是熱敷？醫：成因不同改善方式也不同，急性期速就醫！,https://gooddoctorweb.com/post/436
復健科,腳麻沒感覺，未必是血液循環出問題。醫：簡單４動作保養腳，久未改善速就醫,https://gooddoctorweb.com/post/323
復健科,足底筋膜炎下床腳痛怎麼辦？骨醫：下床前這樣伸展有助改善。,https://gooddoctorweb.com/post/321
復健科,鞋子挑錯當心腳越走越痛，醫教挑鞋要點，常見４大迷思要小心,https://gooddoctorweb.com/post/320
復健科,頭痛、眼痛吃止痛藥好不了？醫：常見因「激痛點」所起，按摩有利改善,https://gooddoctorweb.com/post/309
復健科,沒病卻老是頭痛？腰酸背痛？醫指４大常見引起疼痛的不良姿勢，２招改善,https://gooddoctorweb.com/post/308
復健科,手痛醫生看肩膀？腰痛隔天變胸痛？破解痛點的假動作，找出「激痛點」改善。,https://gooddoctorweb.com/post/307
復健科,足底筋膜炎吃類固醇才會好？站歪了背就痛？朱家宏醫師教「抬頭挺胸」3招解決久站腳痠痛,https://gooddoctorweb.com/post/296
復健科,膝蓋老是喀喀響是退化？許嘉麟醫師２招輕鬆保養,https://gooddoctorweb.com/post/208
復健科,下床一踩地腳就痛？許嘉麟醫師簡單３招在家改善足底筋膜炎,https://gooddoctorweb.com/post/205
復健科,簡單伸展就能調整健康。專家：三焦調理好，身體自然舒適健康。,https://gooddoctorweb.com/post/150
復健科,1招解除肩頸痠痛。肩膀肌肉緊易引各種問題，專家教一條毛巾按摩解除。,https://gooddoctorweb.com/post/125
復健科,按摩解除頭脹、緊繃，腦醫師教３種按摩消除壓力,https://gooddoctorweb.com/post/114
復健科,心悸、胸悶檢查卻沒事？醫教呼吸調節自律神經，運動一個觀念怎麼動都健康！,https://gooddoctorweb.com/post/111
復健科,一招改善足底筋膜炎！鞋太好腳易「休眠」，這樣按摩喚醒腳底肌肉！,https://gooddoctorweb.com/post/94
復健科,預防膝蓋退化，坐下時屁股先出去，學會正確屈髖,https://gooddoctorweb.com/post/79
復健科,一條毛巾預防、改善五十肩！醫：不動比動更容易受傷，多活動才能防關節沾黏！,https://gooddoctorweb.com/post/68
復健科,你常常肩膀疼痛嗎？可能為旋轉肌發炎所致，醫教３招助改善，在家就能做！,https://gooddoctorweb.com/post/60
復健科,遠離足底筋膜炎！腳尖．腳底．小腿易輪流痛，醫教一招伸展有助改善！,https://gooddoctorweb.com/post/54
復健科,活動不多卻老腰痠背痛？恐怕是手機滑太久了，醫教３招放鬆身體救筋膜！,https://gooddoctorweb.com/post/29
復健科,坐姿越療癒越傷脊椎！專家：生理曲線被破壞，各種毛病將陸續找上門！,https://gooddoctorweb.com/post/2
復健科,用呼吸改善耳鳴！醫：耳鳴未必是耳朵的問題，單邊耳鳴等情況盡早就醫！,https://gooddoctorweb.com/post/1
中醫科,穴位按摩防３大眼疾！中醫治青光眼、白內障、黃斑部病變。,https://gooddoctorweb.com/post/1262
中醫科,中醫９大體質養生食材各不同！郭祐睿院長：補得多不如吃得巧。,https://gooddoctorweb.com/post/1220
中醫科,從中醫五行看食物顏色養生！郭祐睿院長：吃對更有利健康。,https://gooddoctorweb.com/post/1217
中醫科,癌症、三高、糖尿病別亂進補！中醫：「先調後補」免得越補越大洞。,https://gooddoctorweb.com/post/1131
中醫科,手腳冰冷怎麼辦？中醫分２類型，４招有助改善！,https://gooddoctorweb.com/post/1066
中醫科,毛病一堆小心是代謝差！中醫教４原則改善，薑黃有助調節。,https://gooddoctorweb.com/post/1051
中醫科,眼皮一直跳？留意腦中風徵兆！中醫院長：６情況速就醫。,https://gooddoctorweb.com/post/1034
中醫科,綠豆湯清熱解毒、保護脾胃。醫：加薏仁更有助利濕。４族群不宜！,https://gooddoctorweb.com/post/927
中醫科,3大族群易感染新冠病毒？中醫師教3關鍵提升免疫力,https://gooddoctorweb.com/post/820
中醫科,新冠肺炎沒完沒了　中醫師三招提升肺部防護力,https://gooddoctorweb.com/post/782
中醫科,月經來就頭痛　中西醫師：穴位按摩等４招有助改善！,https://gooddoctorweb.com/post/656
中醫科,冬季進補先看「自己缺什麼」，中醫：補錯恐傷身，台灣以滋陰潤燥為佳,https://gooddoctorweb.com/post/534
中醫科,冬季養生、飲食、藥膳大公開　中醫：飲食加入辛香料更助暖身！,https://gooddoctorweb.com/post/532
中醫科,秋冬手腳冰冷、咳不停？醫教按摩、生薑泡腳助改善！,https://gooddoctorweb.com/post/508
中醫科,秋天易過敏感冒、更年期症狀變多？中醫師教養肺降燥法：按摩、飲食、多喝水,https://gooddoctorweb.com/post/482
中醫科,６種平民食材助秋季養生 中醫：關鍵在養肺，搭配茶飲更潤燥,https://gooddoctorweb.com/post/476
中醫科,長期低頭滑手機易增落枕風險　中醫４招改善肌肉筋膜落枕,https://gooddoctorweb.com/post/454
中醫科,穴位按摩改善足底筋膜炎　中醫師簡單４招在家保養,https://gooddoctorweb.com/post/437
中醫科,月經失調常見４種人　中醫：穴位按摩+茶飲有助改善！,https://gooddoctorweb.com/post/435
中醫科,刮痧助改善頭痛、胸悶、痠痛等　中醫：方法要正確，不是越用力、痧越多越好,https://gooddoctorweb.com/post/421
中醫科,眼、鼻、皮膚過敏怎麼辦？中醫穴位、茶飲、熱敷等３招有助改善！,https://gooddoctorweb.com/post/420
中醫科,咳嗽按壓肺經穴位助緩解，久咳超過２～３週者盡早就醫,https://gooddoctorweb.com/post/382
中醫科,按摩穴位助改善嗅味覺異常，並有利保健養生。,https://gooddoctorweb.com/post/315
中醫科,泡腳也能改善口臭？中醫指常見口臭６大問題與改善方式,https://gooddoctorweb.com/post/303
中醫科,夏季易頭暈、濕疹、腸不適，中醫教按摩、飲食、茶飲３招實用又養生！,https://gooddoctorweb.com/post/299
中醫科,滑手機.用電腦眼睛好累好痠痛？醫教按摩．飲食．茶飲．熱敷４招有助改善,https://gooddoctorweb.com/post/295
中醫科,中醫簡單氣功，通肺氣護全身　武漢肺炎期間在家防疫也能顧健康,https://gooddoctorweb.com/post/290
中醫科,養生必知：百病常因寒氣而起，中醫教去除寒氣防中風、高血壓等常見疾病,https://gooddoctorweb.com/post/260
中醫科,常泡腳不只有利消除疲勞，也有助改善失眠、關節、心血管等疾病,https://gooddoctorweb.com/post/259
中醫科,中藥抗肺炎病毒？中醫「黃耆白朮薄荷茶」加鼻熱敷提升保護力,https://gooddoctorweb.com/post/258
中醫科,24種常見症狀對應手部穴位，郭祐睿中醫師按法、位置一次詳解,https://gooddoctorweb.com/post/252
中醫科,為什麼會得老花眼？如何改善？郭祐睿中醫穴位、飲食、眼部運動一次詳解,https://gooddoctorweb.com/post/240
中醫科,眼袋、黑眼圈遲遲消不掉？中醫：穴位按摩等４招有利消除,https://gooddoctorweb.com/post/234
中醫科,頭痛、頭暈、腰痛可按足穴緩解？中醫：適當刺激有利改善各種部分疾病。,https://gooddoctorweb.com/post/227
中醫科,吃芭樂別丟芭樂葉　中醫:拿來泡茶有利降血脂、血糖、增強免疫力,https://gooddoctorweb.com/post/226
中醫科,養生之計在於春，中醫郭祐睿：菊花茶、十宣穴等有助春季保養,https://gooddoctorweb.com/post/199
中醫科,腎精不足害白髮變多半夜抽筋　中醫師：避免久坐吃太鹹,https://gooddoctorweb.com/post/198
中醫科,中醫談骨鬆：先養腎才能留住鈣，吃對黑色食物加穴位按摩,https://gooddoctorweb.com/post/159
中醫科,補腦先補腎？中醫師談補腦首選黑色食物，睡覺時間為何影響大腦健康？,https://gooddoctorweb.com/post/154
中醫科,時常頭暈、頭痛如何改善？中醫：可吃香蕉、菠菜、堅果等。起因是關鍵，婦女、長者留意慢性貧血。,https://gooddoctorweb.com/post/129
中醫科,咳嗽也有冷熱之分！症狀不同，改善方式也不同！,https://gooddoctorweb.com/post/86
中醫科,卵巢不好，慢性病提早到？女性養身補肝補腎是關鍵,https://gooddoctorweb.com/post/49
營養科,最佳減重飲食法：彈性素食！營養師：穩降體重，還助防三高、癌症！,https://gooddoctorweb.com/post/1173
營養科,減肥停滯期如何突破？營養師教「詐騙飲食法」等４招助改善！,https://gooddoctorweb.com/post/1032
營養科,減醣、間歇性斷食哪個容易瘦？營養師教６招這樣吃更好瘦！,https://gooddoctorweb.com/post/1021
營養科,激瘦飲食＆常見20種激瘦食物。減重又健康，女星半年狂降19公斤！,https://gooddoctorweb.com/post/959
營養科,醫推168減肥法＋調整飲食順序，簡單、不復胖、有助健康！,https://gooddoctorweb.com/post/945
營養科,減醣飲食減重成功機率高？減重減脂增肌關鍵一次懂！,https://gooddoctorweb.com/post/905
營養科,節食愈減愈胖？如何突破減肥撞牆期？原來有氧運動要這樣練,https://gooddoctorweb.com/post/879
營養科,吃飯充分咀嚼更有利減肥！醫：有助刺激大腦的「飽食中樞」,https://gooddoctorweb.com/post/825
營養科,沒吃肉卻愈胖？吃素不一定會瘦？營養師揭吃素五大地雷,https://gooddoctorweb.com/post/758
營養科,睡不到5小時變胖機率增50%！醫教３招睡好覺打造易瘦體質,https://gooddoctorweb.com/post/754
營養科,刻意不吃早餐當減肥？當心下一餐「報復性進食」胖更多,https://gooddoctorweb.com/post/747
營養科,早餐吃蛋有助減重？怎麼吃？日醫：維持肌肉量是關鍵！,https://gooddoctorweb.com/post/704
營養科,減重雞胸肉吃到膩？專家：４類食物這樣吃健康又好瘦！,https://gooddoctorweb.com/post/658
營養科,減肥不吃白飯竟掉髮、高血脂　專家：至少應換成玉米等５食物,https://gooddoctorweb.com/post/641
營養科,取消早餐助減肥兼顧健康？醫推168斷食：人其實不用吃到三餐,https://gooddoctorweb.com/post/561
營養科,哪些夜市美食最易胖？營養師建議少吃炸皮羹湯醬料,https://gooddoctorweb.com/post/473
營養科,減肥吃水果不能吃正餐、水果愈甜愈胖？吃對時間、份量才是關鍵,https://gooddoctorweb.com/post/385
營養科,外食族餐餐吃便當體重飆高？菜、肉、飯比例正確控血糖防復胖,https://gooddoctorweb.com/post/384
營養科,為什麼一直在復胖？減重竟會導致心血管疾病？營養師籲飲食要均衡,https://gooddoctorweb.com/post/363
營養科,吃豆腐助減肥瘦身？營養師教你健康吃蛋白質，百頁豆腐油豆腐竟超雷？,https://gooddoctorweb.com/post/167
營養科,運動前喝茶更助減肥！喝茶挑對時間更健康，這些時間點不要喝！,https://gooddoctorweb.com/post/87
營養科,正常吃飯也能健康瘦！肥胖症專科醫師推２１１餐盤，體重穩穩下降１５公斤！,https://gooddoctorweb.com/post/30
營養科,吃肉挑部位健康又享瘦！肉類油脂分布各不同，營養師教你避開油脂地雷！,https://gooddoctorweb.com/post/28
營養科,真實案例！從118公斤到46公斤，減重營養師分享成功４原則。,https://gooddoctorweb.com/post/1050
營養科,便秘拖久腸潰瘍恐要命？醫：6纖維蔬果、床上翻滾助排便,https://gooddoctorweb.com/post/657
營養科,練有氧還是無氧運動更能減脂？營養師提醒運動前後「正確吃法」更重要,https://gooddoctorweb.com/post/132
家庭醫學科,一圖了解指甲健康密碼！醫：留意癌症、腎病變、心臟病。,https://gooddoctorweb.com/post/1159
家庭醫學科,肥胖不只致癌？研究：腫瘤搶脂肪當燃料、免疫細胞變殘廢,https://gooddoctorweb.com/post/671
家庭醫學科,三餐如何吃才能防止癌症上門？掌握六大飲食方針,https://gooddoctorweb.com/post/386
家庭醫學科,日常４情境觀察有無癌症，癌症非不可逆，越早發現治療成功率越高,https://gooddoctorweb.com/post/288
家庭醫學科,常見１０種易增罹癌風險食物，營養師：紅肉攝取建議一週最多３次,https://gooddoctorweb.com/post/270
家庭醫學科,不讓癌症勾勾纏，營養師實用５招避開罹癌風險,https://gooddoctorweb.com/post/269
家庭醫學科,食物發霉易引肝癌，切掉就好？營養師：母湯，這４種情況都不能吃。,https://gooddoctorweb.com/post/268
家庭醫學科,食物過期了就別吃　營養師：黃麴毒素易增肝癌風險。,https://gooddoctorweb.com/post/267
家庭醫學科,癌症１０大常見早期警訊。專家：中老年是高風險期，６大族群要留意！,https://gooddoctorweb.com/post/262
家庭醫學科,維生素Ｄ助防癌、骨鬆、失智！醫教３招補好補滿，罹癌患者更要補。,https://gooddoctorweb.com/post/230
家庭醫學科,如何防範乳癌？養成３招防癌生活習慣，晚婚、不婚等８種人更要留意,https://gooddoctorweb.com/post/127
家庭醫學科,抗癌３招非吃不可　醫：癌症是一種終極發炎，抗癌的第一步就是抗發炎,https://gooddoctorweb.com/post/123
家庭醫學科,新衣服沒洗就穿很危險？為什麼新衣服會有致癌物質殘留？,https://gooddoctorweb.com/post/110
家庭醫學科,南台肺癌機率高出１５倍，５成患者不曾抽菸　專家：防範空汙是重點,https://gooddoctorweb.com/post/108
家庭醫學科,避免致癌物累積體內，這些食物能不吃就別吃！專家：戴奧辛殘留體內約7年！,https://gooddoctorweb.com/post/107
家庭醫學科,防食道癌，喝熱飲要注意，避免損害食道引癌症！長期口臭、食道灼熱要留意！,https://gooddoctorweb.com/post/97
家庭醫學科,隔夜菜容易致癌？營養師：細菌是關鍵，這樣準備便當吃得更安心！,https://gooddoctorweb.com/post/53
家庭醫學科,防婦癌了解家族史很重要！醫：曾見４姊妹全中，晚孕、不生、有家族史盡早檢查！　,https://gooddoctorweb.com/post/19
家庭醫學科,２招防範卵巢癌！醫：不生、晚孕風險高，避免卵巢過勞是關鍵！,https://gooddoctorweb.com/post/17
家庭醫學科,沒抽菸也得肺癌？室內空氣汙染是隱形殺手，毒物專家：這些都要注意,https://gooddoctorweb.com/post/15
家庭醫學科,權威服從影響多大？心理師：烏俄戰爭、職場、校園處處可見。,https://gooddoctorweb.com/post/1293
家庭醫學科,眼皮跳不停？醫教４招改善。６情況速就醫，小心腫瘤壓迫！,https://gooddoctorweb.com/post/1289
家庭醫學科,抖腳如何改善？醫指關鍵。未必要改，且還有助健康！,https://gooddoctorweb.com/post/1285
家庭醫學科,嘴破、舌頭破怎麼辦？醫教加速癒合！３情況速就醫。,https://gooddoctorweb.com/post/1282
家庭醫學科,別憋尿小心傷腎臟！醫指常見後果。找出原因，有尿要上。,https://gooddoctorweb.com/post/1274
家庭醫學科,痘痘怎麼擠？頭頂的怎處理？醫指成功擠破２關鍵！,https://gooddoctorweb.com/post/1272
家庭醫學科,發現自己精神出軌怎麼辦？心理師３招解套：自我坦承是關鍵。,https://gooddoctorweb.com/post/1271
家庭醫學科,莫名皮膚癢小心毛毛蟲皮膚炎！醫：春夏季常見，沒碰到也會中。,https://gooddoctorweb.com/post/1270
家庭醫學科,修剪鼻毛別剪光、別用拔的！醫：有害健康，４觀念妥善修飾。,https://gooddoctorweb.com/post/1264
家庭醫學科,發霉易增罹癌風險，怎麼清潔？譚敦慈教２招除黴，日曬、擦拭都沒用。,https://gooddoctorweb.com/post/1263
家庭醫學科,分手、分開「分離焦慮」怎麼辦？心理師６招建立「自我概念」有效改善！,https://gooddoctorweb.com/post/1261
家庭醫學科,腳癢未必香港腳，留意不寧腿！糖友、缺鐵易出現，４招有助改善。,https://gooddoctorweb.com/post/1260
家庭醫學科,貧血怎麼辦？是什麼問題？醫：注意合併症狀小心癌症！,https://gooddoctorweb.com/post/1256
家庭醫學科,常見便秘５大原因及改善，醫：誤以為要每天大、錯用藥物也在其中！,https://gooddoctorweb.com/post/1236
家庭醫學科,藥放冰箱比較好？留著下次吃？醫：小心變質，注意保存重點！,https://gooddoctorweb.com/post/1233
家庭醫學科,懷孕４觀念防妊娠糖尿病，避免真的糖尿病、影響胎兒智力！,https://gooddoctorweb.com/post/1232
家庭醫學科,臉部關節痛？嘴巴張開更痛？醫教４招改善顳顎關節炎！,https://gooddoctorweb.com/post/1230
家庭醫學科,硬塊出現在手部、膝蓋、腳踝？醫：常見為腱鞘巨細胞瘤，盡早就醫！,https://gooddoctorweb.com/post/1228
家庭醫學科,身體出現硬塊、腫塊是什麼？醫指常見３可能，４情況早就醫！,https://gooddoctorweb.com/post/1227
家庭醫學科,挑鞋不是越舒服越好！５觀念更助足健康、防足底筋膜炎。,https://gooddoctorweb.com/post/1218
家庭醫學科,屁股痘痘別亂擠！醫：和臉上的不一樣，６招助改善。,https://gooddoctorweb.com/post/1210
家庭醫學科,總是覺得累、疲倦、睡不飽？護理師教３面向改善「慢性疲勞」！,https://gooddoctorweb.com/post/1206
家庭醫學科,餐具材質影響身體健康！塑膠、木質、陶瓷哪個好？毒物專家解說。,https://gooddoctorweb.com/post/1204
家庭醫學科,青光眼、白內障、黃斑部病變，防３大眼疾，醫：40歲起務必定期檢查。,https://gooddoctorweb.com/post/1197
家庭醫學科,手指、腳趾黑點是病毒疣作祟？醫指常見症狀，盡早檢查慎防皮膚癌！,https://gooddoctorweb.com/post/1192
家庭醫學科,什麼是青光眼？會失明嗎？醫：致盲第２名，妥善治療保養可避免！,https://gooddoctorweb.com/post/1190
家庭醫學科,為什麼會抽筋？該怎麼辦？醫解６原因，４招解除、４招預防！,https://gooddoctorweb.com/post/1189
家庭醫學科,什麼是「煤氣燈操控」？專家詳解３關鍵：自我懷疑要小心！,https://gooddoctorweb.com/post/1183
家庭醫學科,為什麼常腹瀉、拉肚子？醫：６情況早檢查，未必是腸胃問題。,https://gooddoctorweb.com/post/1179
家庭醫學科,感情、婚姻不順怎麼辦？如何好聚或好散？心理師道破關鍵！,https://gooddoctorweb.com/post/1176
家庭醫學科,白內障普及，60歲達８成！該怎麼辦？術後如何保養？眼醫詳解！,https://gooddoctorweb.com/post/1172
家庭醫學科,貓毛過敏、對貓過敏怎麼辦？醫教４招逆轉：或許過敏關鍵不是貓！,https://gooddoctorweb.com/post/1166
家庭醫學科,避免洗腎吃淡一點就好？醫指３重點更有助防範！,https://gooddoctorweb.com/post/1163
家庭醫學科,隱形眼鏡常見ＮＧ行為！醫：別亂戴，曾有人換過三次角膜。,https://gooddoctorweb.com/post/1162
家庭醫學科,別讓牙刷、漱口杯像馬桶刷、座槽！招名威４建議：每天洗，一個月就得換！,https://gooddoctorweb.com/post/1158
家庭醫學科,另一伴是恐怖情人嗎？該怎麼辦？心理師教觀察２重點！,https://gooddoctorweb.com/post/1149
家庭醫學科,懷孕可以做愛嗎？要注意什麼？醫：一般可以，４種情況絕對避免！,https://gooddoctorweb.com/post/1148
家庭醫學科,常疲倦、憂鬱、硬不起來？男性更年期易忽略，一張圖自我檢測！,https://gooddoctorweb.com/post/1144
家庭醫學科,蕁麻疹怎麼辦？吃什麼都過敏？醫：恐怕另有原因，２招有助止癢！,https://gooddoctorweb.com/post/1141
家庭醫學科,天冷慎防跌倒骨折！醫教４招：防骨鬆飲食不能只喝牛奶。,https://gooddoctorweb.com/post/1137
家庭醫學科,自律神經失調怎麼辦？醫教６招改善，留意有無疾病可能！,https://gooddoctorweb.com/post/1135
家庭醫學科,獨立、單身也要留意心理健康！醫教６招防「獨活症候群」！,https://gooddoctorweb.com/post/1133
家庭醫學科,頭皮屑、頭皮癢怎麼辦？醫教４觀念，沒事千萬別多洗頭！,https://gooddoctorweb.com/post/1121
家庭醫學科,冬季癢別亂沖水！他痛到開不了口。醫教４招助改善，常見ＮＧ別再犯！,https://gooddoctorweb.com/post/1118
家庭醫學科,夜間盜汗怎麼辦？醫教5觀察，發燒、體重減輕速就醫！,https://gooddoctorweb.com/post/1112
家庭醫學科,小心香水、精油中的健康地雷！醫：挑選留意４重點，香氣太久要注意！,https://gooddoctorweb.com/post/1110
家庭醫學科,不明變瘦、體重下降盡早檢查！醫：５人就有１人和癌症有關。,https://gooddoctorweb.com/post/1106
家庭醫學科,毛巾沒洗如同用馬桶擦身體！專家指３地雷，常過敏、私密處感染留意,https://gooddoctorweb.com/post/1103
家庭醫學科,是健忘還是失智症前兆？醫指「病視感」是重要關鍵！,https://gooddoctorweb.com/post/1094
家庭醫學科,一直洗手是強迫症嗎？該怎麼辦？楊聰財６招終止惡性循環！,https://gooddoctorweb.com/post/1093
家庭醫學科,陽痿６大前兆！醫：尿不乾淨、角度改變都要小心！,https://gooddoctorweb.com/post/1091
家庭醫學科,愛咬冰塊是健康出問題？醫：身體可能正尋求釋放管道！,https://gooddoctorweb.com/post/1089
家庭醫學科,上廁所別滑手機！醫：恐比馬桶髒10倍，有洗手也一樣。,https://gooddoctorweb.com/post/1082
家庭醫學科,頭痛該怎麼辦？要就醫嗎？位置、症狀、原因一張圖看懂！,https://gooddoctorweb.com/post/1081
家庭醫學科,指甲瘀青怎麼辦？醫教４招改善　面積超過一半盡早檢查！,https://gooddoctorweb.com/post/1077
家庭醫學科,如何避免疤痕？如何去疤？醫：照護在初期就很重要！,https://gooddoctorweb.com/post/1075
家庭醫學科,牙齦出血是牙周病？口腔癌？醫指常見６原因，相關症狀盡早檢查！,https://gooddoctorweb.com/post/1071
家庭醫學科,夜咳、咳嗽咳不停怎麼辦？醫教４招改善，超過２週盡早檢查。,https://gooddoctorweb.com/post/1070
家庭醫學科,鼻塞是過敏？鼻竇炎？鼻咽癌？醫：單側鼻塞兩周盡早就醫！,https://gooddoctorweb.com/post/1065
家庭醫學科,頭暈４類型一張圖了解！醫：成因各不同，３情況盡早就醫！,https://gooddoctorweb.com/post/1064
家庭醫學科,為什麼會腰痛？一張圖看懂！醫：６情況早就醫，七成易復發。,https://gooddoctorweb.com/post/1063
家庭醫學科,掉髮怎麼辦？３型態各不同！醫：９成有解，盡早救醫別亂來。,https://gooddoctorweb.com/post/1062
家庭醫學科,耳鳴怎麼辦？醫教３招助改善！單側等４情況速就醫。,https://gooddoctorweb.com/post/1060
家庭醫學科,瘦體素控制佳助減重、防三高！　醫指２關鍵：並非越多越好。,https://gooddoctorweb.com/post/1052
家庭醫學科,遇到情緒勒索該怎麼辦？專家：４種人易中招，３步驟助解套！,https://gooddoctorweb.com/post/1037
家庭醫學科,關係中自卑？難過？離不開？如何脫離「黑暗PUA」養、套、殺？,https://gooddoctorweb.com/post/1031
家庭醫學科,長繭、雞眼消不掉？醫指２關鍵輕鬆根除，有黑點要小心！,https://gooddoctorweb.com/post/1030
家庭醫學科,常常關節痛是什麼問題？３大關節炎症狀、休養、治療一次解析！,https://gooddoctorweb.com/post/1029
家庭醫學科,兩側關節一起痛等３症狀速就醫！醫：類風濕性關節炎嚴重恐引心肌炎。,https://gooddoctorweb.com/post/1028
家庭醫學科,睡眠有助降低阿茲海默症？每天睡滿7小時增強記憶力！,https://gooddoctorweb.com/post/1024
家庭醫學科,沒吃海鮮也會痛風？醫指常見５地雷，手搖飲也在其中！,https://gooddoctorweb.com/post/1023
家庭醫學科,常關節疼痛或喀喀響？醫：３症狀留意退化性關節炎找上門！,https://gooddoctorweb.com/post/1022
家庭醫學科,發燒休養要注意什麼？醫：別躺冰枕、冰敷，３情況速就醫！,https://gooddoctorweb.com/post/1018
家庭醫學科,褪黑激素助眠、防癌、防骨鬆　醫：睡前別滑手機等４招有助分泌！,https://gooddoctorweb.com/post/1015
家庭醫學科,灰指甲、香港腳好不了？洪暐傑醫師指２關鍵並改善！,https://gooddoctorweb.com/post/1007
家庭醫學科,常翻白眼小心視網膜剝離！醫：不明閃光等４症狀速就醫防失明。,https://gooddoctorweb.com/post/1004
家庭醫學科,嘴唇乾裂擦護唇膏也沒用？醫：未必是缺水，２情況盡早檢查。,https://gooddoctorweb.com/post/1003
家庭醫學科,指甲出現條紋、白斑？營養師指常見５情況從飲食作改善！,https://gooddoctorweb.com/post/1002
家庭醫學科,瘀青要熱敷還是冰敷？敷蛋有用？醫教２招加速恢復，４情況速就醫。,https://gooddoctorweb.com/post/999
家庭醫學科,老覺得累、睡不飽？醫：４情況留意慢性疲勞防癌症上身！,https://gooddoctorweb.com/post/994
家庭醫學科,胃痛別亂吃止痛藥！醫教４招助改善，５情況速就醫。,https://gooddoctorweb.com/post/993
家庭醫學科,眼痛前中後代表什麼？如何改善？眼醫詳解：３情況速就醫！,https://gooddoctorweb.com/post/985
家庭醫學科,流鼻血別抬頭，４ＮＧ別再犯！醫教正確止血，常流同側小心鼻咽癌！,https://gooddoctorweb.com/post/982
家庭醫學科,鬼壓床３招解除！醫指關鍵：這６族群最容易被壓。,https://gooddoctorweb.com/post/980
家庭醫學科,保健食品、營養品怎麼挑？藥師教４大原則守護健康不踩雷！,https://gooddoctorweb.com/post/970
家庭醫學科,不孕、難孕、無法懷孕？醫指原因，男上女下等６招有助受孕！,https://gooddoctorweb.com/post/962
家庭醫學科,貧血別亂補，婦亂補鐵成肝硬化！醫教正確改善３觀念。,https://gooddoctorweb.com/post/949
家庭醫學科,吃鈣片、喝大骨湯助骨折復原？骨折怎麼吃才對？醫教飲食正確觀念,https://gooddoctorweb.com/post/946
家庭醫學科,牙齦腫脹怎麼辦？６招有助改善！醫：超過３天、出血、化膿盡早就醫！,https://gooddoctorweb.com/post/935
家庭醫學科,血鉀過高會致命？高血鉀症是什麼？醫：心血管疾病更應注意！,https://gooddoctorweb.com/post/929
家庭醫學科,耳機不清潔小心「香港耳」！醫：常耳癢注意，問題恐怕不在耳垢。,https://gooddoctorweb.com/post/928
家庭醫學科,天天吃進塑膠微粒恐傷腦？醫教３招排出體外避免傷身！,https://gooddoctorweb.com/post/922
家庭醫學科,夏季皮膚癢、燒襠怎麼辦？皮膚科醫師推１法寶超止癢！,https://gooddoctorweb.com/post/921
家庭醫學科,講話常忘詞？８症狀小心腦退化！醫：高壓、慢性病等族群要注意。,https://gooddoctorweb.com/post/919
家庭醫學科,無法坦率接受讚美、面對成功。醫教６招克服冒牌者症候群免於過勞！,https://gooddoctorweb.com/post/885
家庭醫學科,肌少症影響廣，久坐少動要注意！醫：易三高、骨鬆、退化性關節炎！,https://gooddoctorweb.com/post/881
家庭醫學科,指甲倒刺拔掉、咬掉易成甲溝炎！醫教２步驟輕鬆清除，也要留意缺鐵！,https://gooddoctorweb.com/post/880
家庭醫學科,舌苔怎麼刷？如何看舌苔健康？西醫詳解：２罹癌警訊速就醫！,https://gooddoctorweb.com/post/861
家庭醫學科,水腫非水喝多，恐是心肝腎警訊！醫教４招防水腫，盡早檢查為上策！,https://gooddoctorweb.com/post/828
家庭醫學科,3大穿鞋問題，醫：別老穿同一雙！對鞋、腳、身體傷害都不小。,https://gooddoctorweb.com/post/819
家庭醫學科,微波食物安全嗎？會不會致癌？毒理教授：比起輻射更要小心４風險,https://gooddoctorweb.com/post/817
家庭醫學科,吃糖、手搖飲如慢性中毒？毒理教授：老化、罹癌、失智風險升高,https://gooddoctorweb.com/post/810
家庭醫學科,眼睛出現血絲別輕忽！醫：留意４大症狀小心腦瘤、青光眼,https://gooddoctorweb.com/post/804
家庭醫學科,一天沒喝咖啡鬱悶又易怒？當心咖啡因過量心律不整,https://gooddoctorweb.com/post/797
家庭醫學科,手指吃蘿蔔乾是什麼？手指挫傷勿搓揉！醫教PRICE自救,https://gooddoctorweb.com/post/795
家庭醫學科,水喝太少小心血栓！醫：易中風、心肌梗塞，別渴了才喝水！,https://gooddoctorweb.com/post/792
家庭醫學科,乾眼症別亂點藥水！醫：留意４級症狀避免潰瘍、失明！,https://gooddoctorweb.com/post/787
家庭醫學科,狐臭是夏天的困擾？原來多汗症要治療？醫：留意繼發性病變可能,https://gooddoctorweb.com/post/784
家庭醫學科,乾旱限水也不能讓身體缺水！醫：喝太少恐增腎衰竭風險,https://gooddoctorweb.com/post/780
家庭醫學科,忘記吃藥趕快補吃？６大用藥ＮＧ行為別再犯！,https://gooddoctorweb.com/post/765
家庭醫學科,藥罐乾燥劑、棉花開罐就要丟！４觀念正確保存藥物。,https://gooddoctorweb.com/post/764
家庭醫學科,穿鞋也會痛原來是拇趾外翻？骨科專家教兩條線自我檢測,https://gooddoctorweb.com/post/762
家庭醫學科,胸痛是胃食道逆流造成？可能與哪些疾病有關？醫師教5種常見原因,https://gooddoctorweb.com/post/761
家庭醫學科,捲入創傷事件後「難察覺的傷」　如何幫助自己及他人？,https://gooddoctorweb.com/post/745
家庭醫學科,含糖飲料手搖飲喝多罹癌？研究：最高增63％死亡風險！醫師：代糖也母湯,https://gooddoctorweb.com/post/732
家庭醫學科,挖耳屎不健康又危險？醫：它能抑菌、抗菌，真要挖留意６重點。,https://gooddoctorweb.com/post/726
家庭醫學科,魚油吃錯等於吃回鍋油？濃度不夠多吃幾顆就好？專家教挑選2關鍵,https://gooddoctorweb.com/post/725
家庭醫學科,淡菸、電子菸、雪茄較健康？一張圖看懂各菸品差異,https://gooddoctorweb.com/post/724
家庭醫學科,錢包比馬桶髒！避免細菌感染，別和這３種東西放一起。,https://gooddoctorweb.com/post/719
家庭醫學科,從７種尿液看健康，顏色變化、泡泡多、有螞蟻一次詳解！,https://gooddoctorweb.com/post/711
家庭醫學科,出遊、掃墓６招防毒蛇　被咬傷牢記「記、脫、包、低、送」！,https://gooddoctorweb.com/post/707
家庭醫學科,看到蟲別亂打，小心被報復！隱翅蟲易皮膚爛，醫教３情境應對。,https://gooddoctorweb.com/post/706
家庭醫學科,黏在馬桶上？四分之一成人有排便困難　出現3種「病態便秘」快就醫,https://gooddoctorweb.com/post/705
家庭醫學科,從７種大便看健康狀況　醫：４種情況應盡早檢查。,https://gooddoctorweb.com/post/703
家庭醫學科,飛蚊症出現５症狀速就醫　嚴重恐失明，糖友更要小心！,https://gooddoctorweb.com/post/702
家庭醫學科,眼痠、脹是高眼壓？青光眼？６招防範！慢性病、近視500度注意。,https://gooddoctorweb.com/post/701
家庭醫學科,台灣人「地表最不適合喝酒」！酒癮戒不掉可能是維他命B群不足？,https://gooddoctorweb.com/post/700
家庭醫學科,沉思者排便法助改善便秘，醫教簡單６招順暢通行！,https://gooddoctorweb.com/post/695
家庭醫學科,不只葡萄柚！血脂藥勿與這些食物一起吃！劇烈運動也母湯,https://gooddoctorweb.com/post/693
家庭醫學科,７招遠離漏尿、泌尿感染困擾　預防私密老化小技巧,https://gooddoctorweb.com/post/691
家庭醫學科,愛買東西也是精神疾病？醫教３招改善強迫性購物症！,https://gooddoctorweb.com/post/690
家庭醫學科,常常莫名過敏、皮膚癢？２招找出原因別單靠類固醇,https://gooddoctorweb.com/post/688
家庭醫學科,含糖飲料傷身、傷心又傷腦？毒物專家：過量恐降智力、記憶力。,https://gooddoctorweb.com/post/683
家庭醫學科,醫教4方法改善陰道乾澀　避免偏方發炎感染,https://gooddoctorweb.com/post/681
家庭醫學科,你每天都在吃塑膠微粒？茶包、食鹽竟都有！醫師憂：恐滲入淋巴循環或大腦,https://gooddoctorweb.com/post/680
家庭醫學科,胸悶、痛、喘小心「氣胸」恐害命　醫指２族群男性更要注意,https://gooddoctorweb.com/post/677
家庭醫學科,常打飽嗝、放屁留意合併症狀　醫：可能為腸胃道疾病,https://gooddoctorweb.com/post/672
家庭醫學科,嘴巴呼吸易生病、口臭、牙亂，醫指背後成因４招助改善,https://gooddoctorweb.com/post/670
家庭醫學科,不停打嗝4招改善　醫：持續太久恐為疾病警訊！,https://gooddoctorweb.com/post/668
家庭醫學科,6招改善憂鬱症，楊聰財：9大症狀超過兩週盡早治療。,https://gooddoctorweb.com/post/665
家庭醫學科,不要再說「別想太多」，楊聰財：４不５要陪伴憂鬱症患者！,https://gooddoctorweb.com/post/664
家庭醫學科,反覆眼痛竟是睫毛倒插　醫指常見症狀：長期恐視力模糊,https://gooddoctorweb.com/post/654
家庭醫學科,打呼易增中風、心肌梗塞風險！醫教側睡等６招助改善,https://gooddoctorweb.com/post/651
家庭醫學科,冬季癢非冬天限定，醫教５招改善冬季乾癢、冬季濕疹！,https://gooddoctorweb.com/post/646
家庭醫學科,雞蛋、蛋清真能治療燒燙傷？常見救急撇步一次詳解！,https://gooddoctorweb.com/post/642
家庭醫學科,你的失智症機率有多高？一招讓老年癡呆風險少4倍,https://gooddoctorweb.com/post/640
家庭醫學科,過年大掃除必備攻略！譚敦慈：掌握順序省時又省力！,https://gooddoctorweb.com/post/639
家庭醫學科,月經沒來、經血量異常？曾郁文：月經異常３個月、停經後出血速就醫！,https://gooddoctorweb.com/post/635
家庭醫學科,不想中風就吃魚油？挑選魚油有玄機！營養師：勿與抗凝血劑同吃,https://gooddoctorweb.com/post/634
家庭醫學科,吃年菜要注意！長年菜含維生素K　過量影響抗凝血劑效果,https://gooddoctorweb.com/post/631
家庭醫學科,睡前老是腳麻、腳麻有蟲在爬？當心不寧腿症候群作怪,https://gooddoctorweb.com/post/630
家庭醫學科,胃食道逆流長期恐發炎　睡覺面朝左等3招有助改善！,https://gooddoctorweb.com/post/619
家庭醫學科,【名家專欄】楊聰財醫師／不讓悲傷往事牽著鼻子走，３步逆轉反芻式思考！,https://gooddoctorweb.com/post/618
家庭醫學科,泡溫泉小心低血壓暈倒！慢性病人溫差大恐中風，看懂泡湯6大地雷,https://gooddoctorweb.com/post/609
家庭醫學科,眼睛常有異物感，是乾眼症還是睫毛倒插？沒治對角膜病變恐失明,https://gooddoctorweb.com/post/602
家庭醫學科,天冷低溫是心血管疾病旺季！泡溫泉勿過久、少吃高油脂食物,https://gooddoctorweb.com/post/587
家庭醫學科,抬頭、翻身突然暈眩　耳石脫落症相關症狀盡早就醫,https://gooddoctorweb.com/post/566
家庭醫學科,【名家專欄】招名威教授／圍爐留意一氧化碳中毒 毒物專家：頭暈等輕症，提高警覺速迴避！,https://gooddoctorweb.com/post/565
家庭醫學科,手抖是疾病的警訊？醫：通常無傷大雅，4大情況盡早就醫,https://gooddoctorweb.com/post/549
家庭醫學科,遭蜂咬傷可塗尿救急？毒物專家：可以，後續注意傷口盡早就醫,https://gooddoctorweb.com/post/542
家庭醫學科,房間整潔間接影響健康　毒物專家：發霉有致癌風險，塵螨影響呼吸道,https://gooddoctorweb.com/post/541
家庭醫學科,是收藏、節儉還是囤物症？醫指３大指標。改善從設定時間做起！,https://gooddoctorweb.com/post/540
家庭醫學科,【名家專欄】盧泰潤醫師／喝咖啡會骨鬆？胃食道逆流？一張圖看懂咖啡常見迷思！,https://gooddoctorweb.com/post/531
家庭醫學科,同款洗髮精用太久，當心毛囊萎縮易禿頭？醫籲挑對成份不必每天洗,https://gooddoctorweb.com/post/529
家庭醫學科,筋膜槍有用嗎？哪些部位不能按？復健名醫：適當運動才能擺脫肩頸痠痛,https://gooddoctorweb.com/post/528
家庭醫學科,膝蓋痛、卡卡、喀喀響？醫教簡單一個動作有助改善,https://gooddoctorweb.com/post/526
家庭醫學科,年輕化！未40歲勃起障礙增3倍　男性當心併發心血管疾病,https://gooddoctorweb.com/post/516
家庭醫學科,防範筷子４大健康地雷　專家：留意發霉避免吃下致癌物,https://gooddoctorweb.com/post/515
家庭醫學科,防範塵螨引過敏、氣喘　毒物專家６招：枕頭要用熱水洗,https://gooddoctorweb.com/post/500
家庭醫學科,避免隔夜菜長細菌引中毒　營養師：食物溫熱時就該冷藏,https://gooddoctorweb.com/post/495
家庭醫學科,不只有苦絲瓜會葫蘆素中毒　毒物專家：花椰菜等食物不明苦味要小心,https://gooddoctorweb.com/post/484
家庭醫學科,蹲下站起來就頭暈？醫指常見姿勢性昏厥６大族群,https://gooddoctorweb.com/post/467
家庭醫學科,站起來就頭暈？醫指昏厥４大類型，合併胸痛等盡早檢查,https://gooddoctorweb.com/post/466
家庭醫學科,亞洲人雙下巴比例高　瘦V臉可以不開刀？醫：冷凍減脂逆轉臉下垂,https://gooddoctorweb.com/post/465
家庭醫學科,吃柚避免藥物交互作用　藥師：留意４原則，最少間隔２小時,https://gooddoctorweb.com/post/459
家庭醫學科,傷口再小也不能輕忽　正確傷口處理，一張圖看懂蜂窩性組織炎、破傷風,https://gooddoctorweb.com/post/429
家庭醫學科,痘痘不斷復活原來是粉瘤　兩者差在哪？如何根治？一張圖秒懂,https://gooddoctorweb.com/post/428
家庭醫學科,脖子、腋下的小肉芽是什麼？是腫瘤嗎？要如何消除？,https://gooddoctorweb.com/post/427
家庭醫學科,如何避免鬼壓床？醫指４種人易中招，５種方式有助改善,https://gooddoctorweb.com/post/403
家庭醫學科,胃食道逆流易釀食道癌？醫教「睡覺朝左」等６招助改善,https://gooddoctorweb.com/post/401
家庭醫學科,宿便、痘痘、皮膚癢是毒積太多？醫指４大毒素問題，４招在家自己改善。,https://gooddoctorweb.com/post/341
家庭醫學科,夏季易缺水釀尿道結石。醫教簡單喝水公式，6大族群更要注意,https://gooddoctorweb.com/post/335
家庭醫學科,夏季避免腸道感染５大重點。自己煮、外食族、外送族都要注意,https://gooddoctorweb.com/post/334
家庭醫學科,夏天也會中風、心肌梗塞？醫：４大族群要注意，出現這些情況速就醫,https://gooddoctorweb.com/post/333
家庭醫學科,中暑了怎麼辦？敷冰塊就好？醫指６大風險族群，出現這些情況速就醫,https://gooddoctorweb.com/post/332
家庭醫學科,癌症如同身體慢性發炎？醫指３關鍵避免身體變成「易癌體質」,https://gooddoctorweb.com/post/329
家庭醫學科,指甲內捲、嵌甲怎麼辦？醫指常見NG穿鞋、修剪指甲方式別再犯,https://gooddoctorweb.com/post/322
家庭醫學科,夏天避免痘痘爆增，醫：別太常洗臉，5招保養臉部不踩雷。,https://gooddoctorweb.com/post/318
家庭醫學科,月經沒來怎麼辦？醫：28天正負7天算正常，這些情況速就醫。,https://gooddoctorweb.com/post/317
家庭醫學科,一張圖看懂腹痛位置及原因，醫：出現這些情況盡快急診就醫！,https://gooddoctorweb.com/post/316
家庭醫學科,常常頭痛怎麼辦？你不知道的「頭痛日誌」等方式有助改善。,https://gooddoctorweb.com/post/311
家庭醫學科,白帶有點多是正常的嗎？醫指各狀態對應問題，超過１週速就醫,https://gooddoctorweb.com/post/310
家庭醫學科,武肺期間生病該不該去醫院？醫指２情況一定要去，回家後做好３件事。,https://gooddoctorweb.com/post/306
家庭醫學科,光觸媒加紫外線消毒殺菌　攜帶式口罩殺菌包防疫更有力,https://gooddoctorweb.com/post/304
家庭醫學科,武肺重症者普遍維生素Ｄ缺乏？專家：為免疫細胞重要營養，３招可攝取,https://gooddoctorweb.com/post/302
家庭醫學科,CPR「叫叫壓電」怕忘記？醫推急救APP，AED地圖、急救電話、流程全都有,https://gooddoctorweb.com/post/301
家庭醫學科,【免疫力小測試】營養師出招，簡單是非題測你的免疫力夠不夠,https://gooddoctorweb.com/post/297
家庭醫學科,胸悶胸痛該怎麼辦？醫：３重點判斷是否需盡速就醫,https://gooddoctorweb.com/post/293
家庭醫學科,勃起功能障礙，增加51%死亡風險？蔡德甫醫師：良好作息、適當運動有助改善,https://gooddoctorweb.com/post/289
家庭醫學科,幾歲算高齡產婦？有什麼風險？醫：注意５大檢查、胎動、生活、飲食免擔心,https://gooddoctorweb.com/post/285
家庭醫學科,乳房出現腫塊.硬塊是乳癌嗎？醫：多數女性都會有，不可輕忽，６招助改善,https://gooddoctorweb.com/post/282
家庭醫學科,懷孕期間好厭世？婦醫教６招趕走憂鬱情緒祝好孕,https://gooddoctorweb.com/post/272
家庭醫學科,酒精噴這邊！營養師提醒家中藏毒細節：門把、鑰匙、現金、外出衣物易躲病毒,https://gooddoctorweb.com/post/265
家庭醫學科,睡醒老是肩膀僵硬、腰酸背痛？醫教簡單３撇步有助改善睡眠。,https://gooddoctorweb.com/post/255
家庭醫學科,失智症有辦法早期發現？出現這些症狀要留意，改善６招憶起來,https://gooddoctorweb.com/post/254
家庭醫學科,產後憂鬱程度大不同，不分男女都會發生？陳欣湄醫師教6招改善，「82法則」放輕鬆,https://gooddoctorweb.com/post/253
家庭醫學科,牙周病易骨鬆、心臟病、中風？醫：機率較高，刷牙方式很重要。,https://gooddoctorweb.com/post/244
家庭醫學科,口罩套有用嗎？醫：正確使用確實能延長口罩壽命。,https://gooddoctorweb.com/post/237
家庭醫學科,都有刷牙為什麼還是有口臭？李龍騰院長：原因未必出自於口腔。,https://gooddoctorweb.com/post/224
家庭醫學科,熬夜會傷害肝臟、爆肝？何松穎醫師：這些真正原因才更需注意,https://gooddoctorweb.com/post/216
家庭醫學科,平時打掃如何避免揚起灰塵？毒物專家譚敦慈：牢記「乾濕乾」原則。,https://gooddoctorweb.com/post/215
家庭醫學科,吃營養品助抗流感武漢肺炎？馬尚榮藥師：免疫力不是越強越好,https://gooddoctorweb.com/post/213
家庭醫學科,天冷、溫差大易中風、心肌梗塞，何松穎醫師教防範及保命,https://gooddoctorweb.com/post/209
家庭醫學科,併發症不只肺炎，流感威脅知多少？抗病毒藥有副作用？醫師也在用的抗毒4招公開,https://gooddoctorweb.com/post/204
家庭醫學科,香港腳塗小護士有用？常見９招王威傑院長一次解析,https://gooddoctorweb.com/post/197
家庭醫學科,防空汙、PM2.5口罩怎麼戴？醫：不只傷呼吸道還傷腦、心血管，沒戴對、沒戴好都是做白工。,https://gooddoctorweb.com/post/179
家庭醫學科,青春期已過還一直長痘痘？醫解析常見位置、成因、改善方式，長在私密部位盡早就醫。,https://gooddoctorweb.com/post/172
家庭醫學科,已得流感、感冒還能施打疫苗？病例持續攀升，醫教５招養好抵抗力保健康。,https://gooddoctorweb.com/post/166
家庭醫學科,睡不好傷大腦記憶差？睡得多不如睡得好，簡單方法幫助深度睡眠,https://gooddoctorweb.com/post/147
家庭醫學科,食材別直接丟冷凍，專家：容易凍壞、發臭，簡單３步驟保新鮮,https://gooddoctorweb.com/post/146
家庭醫學科,排便之計在於晨，掌握人體排便機制、黃金時段，中醫２招助改善便秘。,https://gooddoctorweb.com/post/143
家庭醫學科,７招改善經痛　超過７天不適速檢查，防範婦科疾病。,https://gooddoctorweb.com/post/142
家庭醫學科,常腰酸背痛？頭痛？心情差？要盡早檢查，長期會引起大腦退化。,https://gooddoctorweb.com/post/141
家庭醫學科,吃魚、螃蟹建議１週少於２次　毒理學家：易含戴奧辛、重金屬。,https://gooddoctorweb.com/post/140
家庭醫學科,吃完藥留意６大徵兆，即使是常用藥物也會藥物過敏。,https://gooddoctorweb.com/post/139
家庭醫學科,逆轉過敏體質，８招防孩童過敏，更能改善成人過敏。,https://gooddoctorweb.com/post/138
家庭醫學科,防範胰臟發炎，別吃太油、喝太多酒，醫：３大族群要小心。,https://gooddoctorweb.com/post/137
家庭醫學科,從眼睛抓出三高問題。醫：自覺眼睛異常盡早檢查，抓出三高等中風危險因子。,https://gooddoctorweb.com/post/136
家庭醫學科,防抗藥性產生，吃藥好轉也別擅自停藥，避免殘留細菌突變。,https://gooddoctorweb.com/post/135
家庭醫學科,陰道感染有異味搔癢如何分辨？泡溫泉增加感染風險？醫師建議「事前清洗」更重要,https://gooddoctorweb.com/post/131
家庭醫學科,避免頭痛，少吃３Ｃ食物　腦科醫師：易誘發疼痛，應多吃原型食物為佳,https://gooddoctorweb.com/post/128
家庭醫學科,流感、感冒差在哪？各種疾病像感冒，如何自保？醫：出現這情況就盡早檢查,https://gooddoctorweb.com/post/126
家庭醫學科,不沾鍋有刮痕就別用。高溫、刮痕易產環境荷爾蒙，專家：鍋具這樣用，飲食更安心。,https://gooddoctorweb.com/post/124
家庭醫學科,區塊性頭痛要注意，偏頭痛可能是健康警訊。盡早處理，別只吃止痛藥。,https://gooddoctorweb.com/post/122
家庭醫學科,留意肚臍上方的腹痛，防範慢性胰臟炎這樣做，避免糖尿病等陸續找上門,https://gooddoctorweb.com/post/121
家庭醫學科,藥物保存方式很重要　藥物也會過期、變質、壞掉，藥師教這樣保存顧健康,https://gooddoctorweb.com/post/120
家庭醫學科,防皮膚癢，腸道要顧。腸道不好易引濕疹、過敏，留意４大重點能改善,https://gooddoctorweb.com/post/119
家庭醫學科,感冒藥配咖啡好更快？食藥署：易產交互作用引心悸，常見感冒藥ＮＧ行為要注意,https://gooddoctorweb.com/post/117
家庭醫學科,如何避免進入洗腎人生？醫：飲食是關鍵，糖尿病、四高一定要按時吃藥,https://gooddoctorweb.com/post/116
家庭醫學科,常頭暈、無力、冒冷汗？低血糖極具危險性，防低血糖３大情況盡早檢查,https://gooddoctorweb.com/post/115
家庭醫學科,避免胰臟炎復發：醫師提醒術後保健之道,https://gooddoctorweb.com/post/113
家庭醫學科,常頭痛應戒掉咖啡和濃茶？咖啡因對頭痛是雙面刃？,https://gooddoctorweb.com/post/112
家庭醫學科,咳嗽超過兩週要留意！醫：通常兩週會好，伴隨這些症狀盡早檢查！,https://gooddoctorweb.com/post/106
家庭醫學科,打麻將也有利護腦！健腦從生活做起，簡單５習慣有助腦袋靈光！,https://gooddoctorweb.com/post/100
家庭醫學科,起床、出力時會頭痛？防範高腦壓頭痛，出現這些症狀要留意！,https://gooddoctorweb.com/post/99
家庭醫學科,頭痛別依賴止痛藥！止痛藥只是救急，常用會有成癮等各種問題！,https://gooddoctorweb.com/post/96
家庭醫學科,作息不良放任血壓高，當心中風機率飆高！防中風最該做的事情是？,https://gooddoctorweb.com/post/92
家庭醫學科,３招提神又防胖！避免進入耗電模式，這樣做勝過喝咖啡、吃Ｂ群！,https://gooddoctorweb.com/post/88
家庭醫學科,4招遠離多病、疲勞體質！身體慢性發炎毛病多，醫教泡腳等方式從生活改善！,https://gooddoctorweb.com/post/84
家庭醫學科,防塑化劑傷身：加熱前保鮮膜先撕掉，別拿塑膠袋裝熱食,https://gooddoctorweb.com/post/83
家庭醫學科,清洗傷口別用優碘，醫教３步驟正確處理傷口，當下應用大量清水沖洗！,https://gooddoctorweb.com/post/70
家庭醫學科,防糖尿病纏身！首要關鍵避免全糖飲料，以免肥胖導致胰島素當機！,https://gooddoctorweb.com/post/69
家庭醫學科,運動看時辰更健康！運動時間太早太晚都不好，這時段運動更有益健康！,https://gooddoctorweb.com/post/66
家庭醫學科,防中風從生活、飲食做起！這些地雷別再踩，營養師６招教你活得更健康！,https://gooddoctorweb.com/post/59
家庭醫學科,健康食品這樣吃更安心！別花了錢還吃出問題，醫教３原則健康補到位！,https://gooddoctorweb.com/post/57
家庭醫學科,炒菜先用水炒更健康！營養師教４招用油，自己下廚健康又安心！,https://gooddoctorweb.com/post/56
家庭醫學科,多喝水、肉別吃太多，有利防範腎臟病變！腰部劇烈疼痛、血尿要小心！,https://gooddoctorweb.com/post/55
家庭醫學科,四高是尿毒症高危險群？醫：一定要規律用藥及回診，尿毒症影響遍及全身,https://gooddoctorweb.com/post/41
家庭醫學科,防範身體各處發炎！現代人易得腸漏症引發炎，醫指３原則調整生活助改善！,https://gooddoctorweb.com/post/33
家庭醫學科,你口罩帶對了嗎？戴口罩防空汙率可升3~5成，但前提是要戴對！,https://gooddoctorweb.com/post/31
家庭醫學科,３招防冬天痛風發作！天冷易沉積尿酸，醫：這些食物要避開！,https://gooddoctorweb.com/post/27
家庭醫學科,你有鼻塞、過敏的困擾嗎？噴鼻劑助改善，真有副作用嗎？來看專家怎麼說！,https://gooddoctorweb.com/post/25
家庭醫學科,冬季保護心血管！溫差大易引心血管疾病，醫教４招保護好自己！,https://gooddoctorweb.com/post/24
家庭醫學科,頭痛遲遲好不了？改善頭痛先找出原因，中醫師教你這樣分辨！,https://gooddoctorweb.com/post/23
家庭醫學科,冬天洗澡防中風、心肌梗塞！醫：先洗手腳再洗身體，這些細節都要留意！,https://gooddoctorweb.com/post/20
家庭醫學科,８大禦寒撇步保護心血管！防心肌梗塞、心臟病發、中風，出現這些症狀速就醫！,https://gooddoctorweb.com/post/11
家庭醫學科,常常腰痛是腎臟出問題？５招防範腎結石，醫：不常喝水．常吃肉更要小心！,https://gooddoctorweb.com/post/8
家庭醫學科,大降糖尿病中風．死亡風險！掌控好各項數值，醫教４招保護好心血管！,https://gooddoctorweb.com/post/4
